ledger_index,symbol,side,pnl,open_price,close_price,trade_date_open,trade_date_close,entry_time,exit_time,hold_minutes,mfe_points,mae_points,confidence,status,tolerance_used
0,XAUUSD,Sell,124.06,4539.36,4519.96,2026-06-01T00:00:00,2026-06-01T00:00:00,2026-06-01T04:45:00+00:00,2026-06-01T08:20:00+00:00,215.0,19.759902343749673,-16.039902343750327,1.0,matched,0.0
1,XAUUSD,Sell,-32.93,4513.0,4523.3,2026-06-01T00:00:00,2026-06-01T00:00:00,2026-06-01T13:10:00+00:00,2026-06-01T13:10:00+00:00,0.0,11.10009765625,-18.0,1.0,matched,0.0
2,XAUUSD,Sell,109.84,4534.35,4500.0,2026-06-01T00:00:00,2026-06-01T00:00:00,2026-06-01T06:35:00+00:00,2026-06-01T13:20:00+00:00,405.0,40.749902343750364,-8.449804687499636,1.0,matched,0.0
3,XAUUSD,Sell,-53.4,4497.03,4505.38,2026-06-01T00:00:00,2026-06-01T00:00:00,2026-06-01T13:20:00+00:00,2026-06-01T13:20:00+00:00,0.0,3.4299023437497453,-15.769804687500255,1.0,matched,0.0
5,XAUUSD,Buy,2.69,4499.92,4500.34,2026-06-01T00:00:00,2026-06-01T00:00:00,2026-06-01T13:20:00+00:00,2026-06-01T13:20:00+00:00,0.0,12.879804687499927,-6.319902343750073,1.0,matched,0.0
6,XAUUSD,Buy,-92.92,4466.81,4452.28,2026-06-01T00:00:00,2026-06-01T00:00:00,,,,,,0.0,entry_not_found_tolerance_1,
7,XAUUSD,Sell,102.64,4467.53,4451.48,2026-06-01T00:00:00,2026-06-01T00:00:00,,,,,,0.0,entry_not_found_tolerance_1,
11,XAUUSD,Sell,-127.64,4458.47,4478.43,2026-06-01T00:00:00,2026-06-01T00:00:00,,,,,,0.0,entry_not_found_tolerance_1,
13,XAUUSD,Sell,-95.99,4474.4,4489.41,2026-06-01T00:00:00,2026-06-01T00:00:00,,,,,,0.0,entry_not_found_tolerance_1,
15,XAUUSD,Sell,8.38,4485.44,4484.13,2026-06-02T00:00:00,2026-06-02T00:00:00,,,,,,0.0,entry_not_found_tolerance_1,
16,XAUUSD,Buy,-87.33,4482.97,4469.32,2026-06-02T00:00:00,2026-06-02T00:00:00,,,,,,0.0,entry_not_found_tolerance_1,
17,XAUUSD,Buy,17.27,4515.35,4518.05,2026-06-02T00:00:00,2026-06-02T00:00:00,2026-06-02T00:20:00+00:00,2026-06-02T00:20:00+00:00,0.0,4.049902343749636,-1.3500000000003638,1.0,matched,0.0
20,XAUUSD,Buy,25.66,4502.97,4506.98,2026-06-02T00:00:00,2026-06-02T00:00:00,2026-06-02T01:00:00+00:00,2026-06-02T01:00:00+00:00,0.0,13.130097656249745,-1.9700000000002547,1.0,matched,0.0
23,XAUUSD,Sell,45.42,4497.09,4489.99,2026-06-02T00:00:00,2026-06-02T00:00:00,2026-06-02T01:50:00+00:00,2026-06-02T23:25:00+00:00,1295.0,6.5900000000001455,-74.20980468749985,0.5,matched,1.0
24,XAUUSD,Sell,139.82,4491.78827,4470.0,2026-06-02T00:00:00,2026-06-03T00:00:00,,,,,,0.0,exit_not_found_tolerance_1,
25,XAUUSD,Sell,-141.12,4468.39,4490.38,2026-06-03T00:00:00,2026-06-03T00:00:00,2026-06-03T08:55:00+00:00,2026-06-03T10:05:00+00:00,70.0,1.1898046875003274,-27.609999999999673,1.0,matched,0.0
27,XAUUSD,Buy,17.58,4464.98,4467.72,2026-06-03T00:00:00,2026-06-03T00:00:00,2026-06-03T13:40:00+00:00,2026-06-03T13:40:00+00:00,0.0,13.419902343750437,-10.279804687499563,1.0,matched,0.0
31,XAUUSD,Buy,-110.06,4456.7,4439.55,2026-06-03T00:00:00,2026-06-03T00:00:00,,,,,,0.0,exit_not_found_tolerance_1,
36,XAUUSD,Buy,-95.55,4461.48,4446.59,2026-06-03T00:00:00,2026-06-03T00:00:00,,,,,,0.0,exit_not_found_tolerance_1,
40,XAUUSD,Sell,-111.09,4461.103457,4478.4,2026-06-03T00:00:00,2026-06-04T00:00:00,2026-06-03T13:40:00+00:00,2026-06-03T14:00:00+00:00,20.0,7.103457000000162,-18.296445343749838,1.0,matched,0.0
41,XAUUSD,Sell,-202.73,4446.836767,4478.4,2026-06-03T00:00:00,2026-06-04T00:00:00,,,,,,0.0,entry_not_found_tolerance_1,
43,XAUUSD,Buy,-71.61,4477.72,4466.57,2026-06-04T00:00:00,2026-06-04T00:00:00,,,,,,0.0,exit_not_found_tolerance_1,
44,XAUUSD,Buy,-84.84,4502.73,4489.52,2026-06-04T00:00:00,2026-06-04T00:00:00,2026-06-04T02:55:00+00:00,2026-06-04T03:40:00+00:00,45.0,1.4701953125004366,-15.129902343749563,1.0,matched,0.0
45,XAUUSD,Buy,-67.05,4479.82,4469.38,2026-06-04T00:00:00,2026-06-04T00:00:00,2026-06-04T00:10:00+00:00,2026-06-04T01:00:00+00:00,50.0,4.079902343750291,-9.819999999999709,0.5,matched,1.0
47,XAUUSD,Sell,123.62,4463.15,4444.0,2026-06-05T00:00:00,2026-06-05T00:00:00,2026-06-05T03:00:00+00:00,2026-06-05T12:50:00+00:00,590.0,20.250097656249636,-39.649804687500364,1.0,matched,0.0
48,XAUUSD,Sell,-106.9,4439.08,4455.64,2026-06-05T00:00:00,2026-06-05T00:00:00,,,,,,0.0,exit_not_found_tolerance_1,
50,XAUUSD,Sell,-47.51,4462.97,4470.33,2026-06-05T00:00:00,2026-06-05T00:00:00,2026-06-05T03:00:00+00:00,2026-06-05T04:00:00+00:00,60.0,1.7698046875002547,-7.730195312499745,1.0,matched,0.0
52,XAUUSD,Buy,-79.08,4466.9,4454.65,2026-06-05T00:00:00,2026-06-05T00:00:00,2026-06-05T02:40:00+00:00,2026-06-05T12:50:00+00:00,610.0,35.899804687500364,-24.000097656249636,1.0,matched,0.0
54,XAUUSD,Buy,-844.29,4449.13,4318.34,2026-06-05T00:00:00,2026-06-05T00:00:00,,,,,,0.0,exit_not_found_tolerance_1,
55,XAUUSD,Sell,201.64,4341.2,4309.9,2026-06-08T00:00:00,2026-06-08T00:00:00,2026-06-08T01:15:00+00:00,2026-06-08T05:35:00+00:00,260.0,48.19999999999982,-13.599804687500182,1.0,matched,0.0
56,XAUUSD,Sell,-50.89,4287.4,4295.3,2026-06-08T00:00:00,2026-06-08T00:00:00,,,,,,0.0,entry_not_found_tolerance_1,
59,XAUUSD,Sell,-75.5,4294.54,4306.26,2026-06-08T00:00:00,2026-06-08T00:00:00,2026-06-08T05:35:00+00:00,2026-06-08T05:35:00+00:00,0.0,1.5399999999999636,-21.660195312500036,1.0,matched,0.0
60,XAUUSD,Sell,-45.93,4324.43,4331.56,2026-06-08T00:00:00,2026-06-08T00:00:00,2026-06-08T01:30:00+00:00,2026-06-08T01:30:00+00:00,0.0,0.829902343750291,-17.17009765624971,1.0,matched,0.0
61,XAUUSD,Sell,-53.6,4329.2,4337.52,2026-06-08T00:00:00,2026-06-08T00:00:00,2026-06-08T01:30:00+00:00,2026-06-08T01:30:00+00:00,0.0,5.599902343749818,-12.400097656250182,1.0,matched,0.0
62,XAUUSD,Buy,-50.18,4334.24,4326.45,2026-06-08T00:00:00,2026-06-08T00:00:00,2026-06-08T01:20:00+00:00,2026-06-08T01:30:00+00:00,10.0,14.760000000000218,-10.639902343749782,1.0,matched,0.0
66,XAUUSD,Sell,-61.59,4326.99,4336.55,2026-06-08T00:00:00,2026-06-08T00:00:00,2026-06-08T01:30:00+00:00,2026-06-08T01:30:00+00:00,0.0,3.3899023437497817,-14.610097656250218,1.0,matched,0.0
67,XAUUSD,Sell,111.12,4342.2,4324.95,2026-06-08T00:00:00,2026-06-08T00:00:00,2026-06-08T01:15:00+00:00,2026-06-08T01:30:00+00:00,15.0,18.599902343749818,-8.800000000000182,1.0,matched,0.0
69,XAUUSD,Buy,-44.21,4328.32,4321.45,2026-06-09T00:00:00,2026-06-09T00:00:00,2026-06-09T14:15:00+00:00,2026-06-09T14:40:00+00:00,25.0,19.68000000000029,-21.11980468749971,1.0,matched,0.0
71,XAUUSD,Sell,-40.8,4317.33,4323.67,2026-06-09T00:00:00,2026-06-09T00:00:00,2026-06-09T14:40:00+00:00,2026-06-09T14:40:00+00:00,0.0,10.129804687499927,-14.270097656250073,1.0,matched,0.0
72,XAUUSD,Sell,-75.35,4321.61,4333.32,2026-06-09T00:00:00,2026-06-09T00:00:00,,,,,,0.0,exit_not_found_tolerance_1,
73,XAUUSD,Buy,80.7,4332.5,4345.04,2026-06-09T00:00:00,2026-06-09T00:00:00,2026-06-09T14:15:00+00:00,2026-06-09T14:15:00+00:00,0.0,14.7998046875,-4.2001953125,1.0,matched,0.0
74,XAUUSD,Buy,-78.96,4341.86,4329.59,2026-06-09T00:00:00,2026-06-09T00:00:00,2026-06-09T00:00:00+00:00,2026-06-09T14:15:00+00:00,855.0,46.74009765625033,-13.560195312499673,1.0,matched,0.0
75,XAUUSD,Sell,186.36,4343.86,4314.9,2026-06-09T00:00:00,2026-06-09T00:00:00,2026-06-09T00:05:00+00:00,2026-06-09T14:40:00+00:00,875.0,36.65980468749967,-44.74009765625033,1.0,matched,0.0
76,XAUUSD,Sell,-33.27,4306.22,4311.39,2026-06-09T00:00:00,2026-06-09T00:00:00,2026-06-09T14:45:00+00:00,2026-06-09T14:45:00+00:00,0.0,4.119902343750255,-7.579804687499745,1.0,matched,0.0
77,XAUUSD,Sell,67.18,4316.43,4305.99,2026-06-09T00:00:00,2026-06-09T00:00:00,2026-06-09T14:40:00+00:00,2026-06-09T14:45:00+00:00,5.0,14.329902343750291,-15.170097656249709,1.0,matched,0.0
78,XAUUSD,Buy,-149.29,4310.6,4287.4,2026-06-09T00:00:00,2026-06-09T00:00:00,2026-06-09T14:40:00+00:00,2026-06-09T15:35:00+00:00,55.0,21.000097656249636,-23.499902343750364,1.0,matched,0.0
79,XAUUSD,Buy,-166.41,4313.46,4287.6,2026-06-09T00:00:00,2026-06-09T00:00:00,2026-06-09T14:40:00+00:00,2026-06-09T15:35:00+00:00,55.0,18.140097656249964,-26.359902343750036,1.0,matched,0.0
80,XAUUSD,Buy,35.39,4294.6,4300.1,2026-06-09T00:00:00,2026-06-09T00:00:00,2026-06-09T15:30:00+00:00,2026-06-09T15:30:00+00:00,0.0,11.500097656249636,-6.999902343750364,1.0,matched,0.0
81,XAUUSD,Sell,208.69,4317.38,4284.95,2026-06-09T00:00:00,2026-06-09T00:00:00,2026-06-09T14:40:00+00:00,2026-06-09T16:05:00+00:00,85.0,32.67980468750011,-14.22009765624989,1.0,matched,0.0
82,XAUUSD,Sell,31.98,4284.52,4279.55,2026-06-09T00:00:00,2026-06-09T00:00:00,2026-06-09T16:10:00+00:00,2026-06-09T16:15:00+00:00,5.0,7.620097656250437,-6.580097656249563,1.0,matched,0.0
83,XAUUSD,Sell,120.46,4280.22,4261.5,2026-06-09T00:00:00,2026-06-09T00:00:00,2026-06-09T16:15:00+00:00,2026-06-09T16:35:00+00:00,20.0,20.220000000000255,-11.179902343749745,1.0,matched,0.0
85,XAUUSD,Sell,-41.25,4259.93,4266.34,2026-06-09T00:00:00,2026-06-09T00:00:00,2026-06-09T16:40:00+00:00,2026-06-09T16:40:00+00:00,0.0,0.03009765625029104,-11.969902343749709,1.0,matched,0.0
86,XAUUSD,Buy,-66.94,4237.0,4226.61,2026-06-10T00:00:00,2026-06-10T00:00:00,2026-06-10T00:30:00+00:00,2026-06-10T00:35:00+00:00,5.0,4.89990234375,-12.2001953125,1.0,matched,0.0
87,XAUUSD,Sell,224.71,4224.76,4189.88,2026-06-10T00:00:00,2026-06-10T00:00:00,2026-06-10T00:40:00+00:00,2026-06-10T08:00:00+00:00,440.0,40.05980468750022,-20.73999999999978,1.0,matched,0.0
90,XAUUSD,Sell,203.58,4171.58,4139.98,2026-06-10T00:00:00,2026-06-10T00:00:00,2026-06-10T11:55:00+00:00,2026-06-10T14:55:00+00:00,180.0,31.879804687499927,-37.92000000000007,1.0,matched,0.0
91,XAUUSD,Sell,-32.66,4148.36,4153.43,2026-06-10T00:00:00,2026-06-10T00:00:00,2026-06-10T14:55:00+00:00,2026-06-10T14:55:00+00:00,0.0,8.659804687499673,-12.640000000000327,1.0,matched,0.0
92,XAUUSD,Sell,-26.03,4163.25,4167.29,2026-06-10T00:00:00,2026-06-10T00:00:00,2026-06-10T12:10:00+00:00,2026-06-10T12:10:00+00:00,0.0,6.25,-4.35009765625,1.0,matched,0.0
93,XAUUSD,Sell,284.17,4179.09,4134.98,2026-06-10T00:00:00,2026-06-10T00:00:00,2026-06-10T10:05:00+00:00,2026-06-10T15:45:00+00:00,340.0,47.590000000000146,-30.409999999999854,1.0,matched,0.0
94,XAUUSD,Buy,-44.19,4125.55,4118.69,2026-06-10T00:00:00,2026-06-10T00:00:00,2026-06-10T17:40:00+00:00,2026-06-10T19:05:00+00:00,85.0,18.449999999999818,-6.949902343750182,1.0,matched,0.0
95,XAUUSD,Buy,-33.76,4118.96,4113.72,2026-06-10T00:00:00,2026-06-10T00:00:00,2026-06-10T19:05:00+00:00,2026-06-10T19:10:00+00:00,5.0,3.8398046874999636,-8.359902343750036,1.0,matched,0.0
97,XAUUSD,Sell,147.79,4133.92,4110.98,2026-06-10T00:00:00,2026-06-10T00:00:00,2026-06-10T15:45:00+00:00,2026-06-10T19:10:00+00:00,205.0,23.319902343750073,-24.879804687499927,1.0,matched,0.0
98,XAUUSD,Buy,84.27,4112.45,4125.53,2026-06-10T00:00:00,2026-06-10T00:00:00,,,,,,0.0,exit_not_found_tolerance_1,
99,XAUUSD,Sell,94.96,4127.74,4113.0,2026-06-10T00:00:00,2026-06-10T00:00:00,2026-06-10T17:35:00+00:00,2026-06-10T19:10:00+00:00,95.0,17.13990234374978,-16.26000000000022,1.0,matched,0.0
101,XAUUSD,Buy,-58.27,4046.55,4037.47,2026-06-11T00:00:00,2026-06-11T00:00:00,,,,,,0.0,entry_not_found_tolerance_1,
103,XAUUSD,Sell,-66.68,4074.06,4084.45,2026-06-11T00:00:00,2026-06-11T00:00:00,2026-06-11T00:00:00+00:00,2026-06-11T00:15:00+00:00,15.0,16.059999999999945,-21.339902343750055,1.0,matched,0.0
104,XAUUSD,Sell,-82.4,4094.46,4107.3,2026-06-11T00:00:00,2026-06-11T00:00:00,2026-06-11T00:15:00+00:00,2026-06-11T01:00:00+00:00,45.0,22.460000000000036,-16.939902343749964,1.0,matched,0.0
105,XAUUSD,Buy,-73.35,4082.01,4070.58,2026-06-11T00:00:00,2026-06-11T00:00:00,2026-06-11T00:00:00+00:00,2026-06-11T00:00:00+00:00,0.0,-0.20995117187521828,-18.81004882812522,0.5,matched,1.0
106,XAUUSD,Buy,-76.63,4067.39,4055.45,2026-06-11T00:00:00,2026-06-11T00:00:00,,,,,,0.0,exit_not_found_tolerance_1,
108,XAUUSD,Buy,199.01,4054.09,4085.1,2026-06-11T00:00:00,2026-06-11T00:00:00,,,,,,0.0,entry_not_found_tolerance_1,
109,XAUUSD,Sell,-59.43,4083.1,4092.36,2026-06-11T00:00:00,2026-06-11T00:00:00,2026-06-11T00:15:00+00:00,2026-06-11T00:15:00+00:00,0.0,11.099999999999909,-12.299902343750091,1.0,matched,0.0
110,XAUUSD,Buy,-49.74,4093.32,4085.57,2026-06-11T00:00:00,2026-06-11T00:00:00,2026-06-11T00:15:00+00:00,2026-06-11T00:15:00+00:00,0.0,2.0799023437498363,-21.320000000000164,1.0,matched,0.0
111,XAUUSD,Sell,-75.6,4084.53,4096.31,2026-06-11T00:00:00,2026-06-11T00:00:00,2026-06-11T00:15:00+00:00,2026-06-11T00:30:00+00:00,15.0,12.5300000000002,-14.1701953124998,1.0,matched,0.0
113,XAUUSD,Sell,-47.88,4149.92,4157.38,2026-06-11T00:00:00,2026-06-11T00:00:00,2026-06-11T17:30:00+00:00,2026-06-11T17:30:00+00:00,0.0,27.819902343750073,-21.079999999999927,1.0,matched,0.0
114,XAUUSD,Buy,-84.63,4206.87,4193.69,2026-06-12T00:00:00,2026-06-12T00:00:00,2026-06-12T01:00:00+00:00,2026-06-12T01:35:00+00:00,35.0,25.52990234375011,-13.97009765624989,1.0,matched,0.0
115,XAUUSD,Sell,-39.55,4182.2,4188.36,2026-06-12T00:00:00,2026-06-12T00:00:00,,,,,,0.0,entry_not_found_tolerance_1,
120,XAUUSD,Sell,157.13,4209.47,4185.0,2026-06-12T00:00:00,2026-06-12T00:00:00,,,,,,0.0,exit_not_found_tolerance_1,
122,XAUUSD,Sell,-89.96,4185.33,4199.34,2026-06-12T00:00:00,2026-06-12T00:00:00,,,,,,0.0,entry_not_found_tolerance_1,
126,XAUUSD,Sell,-44.56,4227.6,4234.54,2026-06-12T00:00:00,2026-06-12T00:00:00,2026-06-12T00:40:00+00:00,2026-06-12T00:40:00+00:00,0.0,3.899804687500364,-8.299902343749636,1.0,matched,0.0
128,XAUUSD,Buy,-78.92,4304.38,4292.07,2026-06-15T00:00:00,2026-06-15T00:00:00,,,,,,0.0,entry_not_found_tolerance_1,
130,XAUUSD,Buy,242.8,4292.15,4330.02,2026-06-15T00:00:00,2026-06-15T00:00:00,,,,,,0.0,entry_not_found_tolerance_1,
131,XAUUSD,Buy,118.8,4310.47,4329.0,2026-06-15T00:00:00,2026-06-15T00:00:00,2026-06-15T01:00:00+00:00,2026-06-15T01:30:00+00:00,30.0,25.929902343749745,-4.070097656250255,1.0,matched,0.0
133,XAUUSD,Sell,-40.01,4338.14,4344.38,2026-06-15T00:00:00,2026-06-15T00:00:00,2026-06-15T01:40:00+00:00,2026-06-15T02:00:00+00:00,20.0,3.7400976562503274,-7.359999999999673,1.0,matched,0.0
134,XAUUSD,Sell,-32.38,4347.31,4352.36,2026-06-15T00:00:00,2026-06-15T00:00:00,2026-06-15T02:10:00+00:00,2026-06-15T02:30:00+00:00,20.0,5.9100976562504,-6.0899023437496,1.0,matched,0.0
136,XAUUSD,Buy,60.59,4358.52,4367.97,2026-06-15T00:00:00,2026-06-15T00:00:00,2026-06-15T08:30:00+00:00,2026-06-15T11:30:00+00:00,180.0,9.479999999999563,-10.120097656250437,1.0,matched,0.0
140,XAUUSD,Sell,-43.78,4317.57,4324.4,2026-06-16T00:00:00,2026-06-16T00:00:00,,,,,,0.0,entry_not_found_tolerance_1,
142,XAUUSD,Buy,-61.92,4342.26,4332.6,2026-06-16T00:00:00,2026-06-16T00:00:00,2026-06-16T01:00:00+00:00,2026-06-16T02:00:00+00:00,60.0,4.539804687499782,-11.559804687500218,1.0,matched,0.0
144,XAUUSD,Buy,70.9,4326.0,4337.06,2026-06-16T00:00:00,2026-06-16T00:00:00,,,,,,0.0,entry_not_found_tolerance_1,
146,XAUUSD,Buy,-55.13,4335.21,4326.61,2026-06-16T00:00:00,2026-06-16T00:00:00,2026-06-16T00:00:00+00:00,2026-06-16T00:20:00+00:00,20.0,4.490195312499964,-7.810097656250036,0.5,matched,1.0
147,XAUUSD,Buy,-36.12,4336.05,4330.44,2026-06-17T00:00:00,2026-06-17T00:00:00,2026-06-17T08:45:00+00:00,2026-06-17T18:05:00+00:00,560.0,67.55009765624982,-30.849804687500182,1.0,matched,0.0
148,XAUUSD,Buy,-42.88,4333.35,4326.69,2026-06-17T00:00:00,2026-06-17T00:00:00,2026-06-17T18:05:00+00:00,2026-06-17T18:05:00+00:00,0.0,5.750097656249636,-28.149804687500364,1.0,matched,0.0
149,XAUUSD,Sell,-45.33,4326.27,4333.31,2026-06-17T00:00:00,2026-06-17T00:00:00,2026-06-17T18:05:00+00:00,2026-06-17T18:05:00+00:00,0.0,21.069804687500437,-12.830097656249563,1.0,matched,0.0
152,XAUUSD,Sell,13.39,4328.54,4326.46,2026-06-17T00:00:00,2026-06-17T00:00:00,2026-06-17T18:05:00+00:00,2026-06-17T18:05:00+00:00,0.0,23.339804687499964,-10.560097656250036,1.0,matched,0.0
154,XAUUSD,Buy,-54.85,4326.88,4318.36,2026-06-17T00:00:00,2026-06-17T00:00:00,2026-06-17T18:05:00+00:00,2026-06-17T18:05:00+00:00,0.0,12.22009765624989,-21.67980468750011,1.0,matched,0.0
155,XAUUSD,Sell,-38.05,4323.62,4329.53,2026-06-17T00:00:00,2026-06-17T00:00:00,2026-06-17T18:05:00+00:00,2026-06-17T18:05:00+00:00,0.0,18.41980468749989,-15.48009765625011,1.0,matched,0.0
157,XAUUSD,Buy,94.77,4323.31,4338.03,2026-06-17T00:00:00,2026-06-17T00:00:00,2026-06-17T18:05:00+00:00,2026-06-17T18:05:00+00:00,0.0,15.7900976562496,-18.1098046875004,1.0,matched,0.0
158,XAUUSD,Buy,53.89,4336.64,4345.01,2026-06-17T00:00:00,2026-06-17T00:00:00,2026-06-17T08:45:00+00:00,2026-06-17T09:10:00+00:00,25.0,8.659804687499673,-1.0399023437503274,1.0,matched,0.0
159,XAUUSD,Buy,-54.92,4352.09,4343.56,2026-06-17T00:00:00,2026-06-17T00:00:00,2026-06-17T00:00:00+00:00,2026-06-17T04:25:00+00:00,265.0,17.709804687499854,-8.790195312500146,1.0,matched,0.0
160,XAUUSD,Buy,106.23,4348.0,4364.5,2026-06-17T00:00:00,2026-06-17T00:00:00,2026-06-17T04:20:00+00:00,2026-06-17T13:45:00+00:00,565.0,16.5,-12.39990234375,1.0,matched,0.0
162,XAUUSD,Buy,-74.86,4242.25,4236.45,2026-06-18T00:00:00,2026-06-18T00:00:00,2026-06-18T15:50:00+00:00,2026-06-18T16:35:00+00:00,45.0,10.25,-8.0498046875,1.0,matched,0.0
163,XAUUSD,Sell,193.94,4159.93,4129.9,2026-06-19T00:00:00,2026-06-19T00:00:00,,,,,,0.0,entry_not_found_tolerance_1,
164,XAUUSD,Sell,-33.0,4131.29,4136.4,2026-06-19T00:00:00,2026-06-19T00:00:00,,,,,,0.0,entry_not_found_tolerance_1,
165,XAUUSD,Sell,-71.94,4135.54,4146.68,2026-06-19T00:00:00,2026-06-19T00:00:00,,,,,,0.0,entry_not_found_tolerance_1,
166,XAUUSD,Sell,-35.0,4153.99,4159.41,2026-06-19T00:00:00,2026-06-19T00:00:00,,,,,,0.0,entry_not_found_tolerance_1,
167,XAUUSD,Sell,56.06,4165.66,4161.32,2026-06-19T00:00:00,2026-06-19T00:00:00,,,,,,0.0,exit_not_found_tolerance_1,
168,XAUUSD,Buy,-54.18,4180.41,4172.02,2026-06-19T00:00:00,2026-06-19T00:00:00,2026-06-19T03:30:00+00:00,2026-06-19T03:55:00+00:00,25.0,5.0900000000001455,-17.709804687499854,1.0,matched,0.0
169,XAUUSD,Sell,101.91,4179.88,4171.99,2026-06-19T00:00:00,2026-06-19T00:00:00,2026-06-19T03:30:00+00:00,2026-06-19T03:55:00+00:00,25.0,17.17980468750011,-5.619999999999891,1.0,matched,0.0
170,XAUUSD,Buy,-40.69,4171.81,4165.51,2026-06-19T00:00:00,2026-06-19T00:00:00,2026-06-19T03:55:00+00:00,2026-06-19T03:55:00+00:00,0.0,5.6899999999996,-9.1098046875004,1.0,matched,0.0
171,XAUUSD,Buy,-53.09,4166.76,4158.54,2026-06-19T00:00:00,2026-06-19T00:00:00,,,,,,0.0,exit_not_found_tolerance_1,
172,XAUUSD,Sell,-202.67,4150.737118,4166.41,2026-06-19T00:00:00,2026-06-22T00:00:00,,,,,,0.0,entry_not_found_tolerance_1,
173,XAUUSD,Buy,296.25,4175.11,4198.02,2026-06-22T00:00:00,2026-06-22T00:00:00,2026-06-22T00:10:00+00:00,2026-06-22T00:45:00+00:00,35.0,26.590195312500327,-11.009902343749673,1.0,matched,0.0
174,XAUUSD,Sell,-135.13,4196.11,4206.56,2026-06-22T00:00:00,2026-06-22T00:00:00,2026-06-22T00:45:00+00:00,2026-06-22T00:50:00+00:00,5.0,23.210097656249673,-10.590195312500327,1.0,matched,0.0
175,XAUUSD,Sell,-88.71,4189.54,4196.4,2026-06-22T00:00:00,2026-06-22T00:00:00,2026-06-22T00:35:00+00:00,2026-06-22T00:45:00+00:00,10.0,16.640097656249964,-12.160195312500036,1.0,matched,0.0
176,XAUUSD,Buy,-54.05,4189.96,4181.6,2026-06-22T00:00:00,2026-06-22T00:00:00,2026-06-22T00:35:00+00:00,2026-06-22T00:45:00+00:00,10.0,11.740195312499964,-17.060097656250036,1.0,matched,0.0
177,XAUUSD,Sell,-36.79,4181.04,4186.73,2026-06-22T00:00:00,2026-06-22T00:00:00,2026-06-22T00:15:00+00:00,2026-06-22T00:15:00+00:00,0.0,3.0399999999999636,-6.660195312500036,1.0,matched,0.0
181,XAUUSD,Buy,-55.35,4196.55,4192.27,2026-06-22T00:00:00,2026-06-22T00:00:00,2026-06-22T00:45:00+00:00,2026-06-22T00:45:00+00:00,0.0,5.150195312499818,-23.650097656250182,1.0,matched,0.0
182,XAUUSD,Sell,-80.69,4193.08,4199.32,2026-06-22T00:00:00,2026-06-22T00:00:00,2026-06-22T00:40:00+00:00,2026-06-22T00:45:00+00:00,5.0,20.180097656249927,-8.620195312500073,1.0,matched,0.0
184,XAUUSD,Sell,-6.87,4110.32,4110.85,2026-06-23T00:00:00,2026-06-23T00:00:00,2026-06-23T08:00:00+00:00,2026-06-23T08:00:00+00:00,0.0,1.319999999999709,-7.180000000000291,1.0,matched,0.0
185,XAUUSD,Buy,-69.24,4128.06,4122.72,2026-06-23T00:00:00,2026-06-23T00:00:00,2026-06-23T06:45:00+00:00,2026-06-23T07:40:00+00:00,55.0,14.6401953124996,-7.0600000000004,1.0,matched,0.0
187,XAUUSD,Sell,412.34,4096.78,4065.0,2026-06-24T00:00:00,2026-06-24T00:00:00,2026-06-24T01:00:00+00:00,2026-06-24T11:05:00+00:00,605.0,32.179902343749745,-23.019804687500255,1.0,matched,0.0
188,XAUUSD,Sell,-124.3,4056.97,4066.55,2026-06-24T00:00:00,2026-06-24T00:00:00,2026-06-24T11:15:00+00:00,2026-06-24T11:35:00+00:00,20.0,3.0700976562498,-11.0300000000002,1.0,matched,0.0
189,XAUUSD,Sell,-135.07,4078.02,4088.43,2026-06-24T00:00:00,2026-06-24T00:00:00,2026-06-24T02:35:00+00:00,2026-06-24T03:45:00+00:00,70.0,11.019999999999982,-10.480000000000018,1.0,matched,0.0
190,XAUUSD,Sell,80.96,4087.24,4081.0,2026-06-24T00:00:00,2026-06-24T00:00:00,2026-06-24T01:00:00+00:00,2026-06-24T02:30:00+00:00,90.0,7.139902343749782,-32.55980468750022,1.0,matched,0.0
191,XAUUSD,Sell,301.8,4076.26,4053.0,2026-06-24T00:00:00,2026-06-24T00:00:00,2026-06-24T02:40:00+00:00,2026-06-24T12:05:00+00:00,565.0,24.95995117187522,-38.44019531249978,1.0,matched,0.0
192,XAUUSD,Sell,-119.76,4040.25,4049.48,2026-06-24T00:00:00,2026-06-24T00:00:00,2026-06-24T12:25:00+00:00,2026-06-24T13:50:00+00:00,85.0,59.949951171875,-10.75,1.0,matched,0.0
193,XAUUSD,Buy,-137.14,4036.65,4026.08,2026-06-24T00:00:00,2026-06-24T00:00:00,2026-06-24T12:25:00+00:00,2026-06-24T12:25:00+00:00,0.0,12.749902343749909,-14.049902343750091,1.0,matched,0.0
194,XAUUSD,Sell,-162.45,3986.9,3999.42,2026-06-24T00:00:00,2026-06-24T00:00:00,2026-06-24T13:10:00+00:00,2026-06-24T13:30:00+00:00,20.0,6.599951171875091,-25.40004882812491,1.0,matched,0.0
195,XAUUSD,Sell,-79.28,4005.46,4011.57,2026-06-24T00:00:00,2026-06-24T00:00:00,2026-06-24T12:55:00+00:00,2026-06-24T12:55:00+00:00,0.0,2.1599511718750364,-14.640097656249964,1.0,matched,0.0
196,XAUUSD,Sell,456.2,4015.15,3979.99,2026-06-24T00:00:00,2026-06-24T00:00:00,2026-06-24T12:55:00+00:00,2026-06-24T18:00:00+00:00,305.0,39.45004882812509,-43.84999999999991,1.0,matched,0.0
197,XAUUSD,Buy,-197.97,4012.71,3997.44,2026-06-25T00:00:00,2026-06-25T00:00:00,2026-06-25T00:25:00+00:00,2026-06-25T00:35:00+00:00,10.0,5.090048828124964,-15.810097656250036,1.0,matched,0.0
198,XAUUSD,Sell,162.64,3999.05,3973.96,2026-06-25T00:00:00,2026-06-25T00:00:00,,,,,,0.0,exit_not_found_tolerance_1,
199,XAUUSD,Sell,58.08,3985.78,3981.3,2026-06-25T00:00:00,2026-06-25T00:00:00,2026-06-25T02:05:00+00:00,2026-06-25T02:05:00+00:00,0.0,6.5800488281252,-5.3200976562498,1.0,matched,0.0
200,XAUUSD,Buy,-62.88,3993.4,3983.7,2026-06-25T00:00:00,2026-06-25T00:00:00,2026-06-25T01:35:00+00:00,2026-06-25T02:05:00+00:00,30.0,10.799951171874909,-14.200048828125091,1.0,matched,0.0
201,XAUUSD,Buy,-45.83,3985.73,3978.66,2026-06-25T00:00:00,2026-06-25T00:00:00,2026-06-25T02:05:00+00:00,2026-06-25T02:10:00+00:00,5.0,5.370097656249982,-9.429951171875018,1.0,matched,0.0
202,XAUUSD,Buy,222.35,4007.89,4025.04,2026-06-25T00:00:00,2026-06-25T00:00:00,2026-06-25T00:30:00+00:00,2026-06-25T12:30:00+00:00,720.0,19.509902343750127,-31.589951171874873,1.0,matched,0.0
203,XAUUSD,Sell,299.35,4023.96,4000.83,2026-06-26T00:00:00,2026-06-26T00:00:00,2026-06-26T02:20:00+00:00,2026-06-26T02:50:00+00:00,30.0,23.960000000000036,-2.0399999999999636,1.0,matched,0.0
204,XAUUSD,Buy,65.68,4009.88,4020.03,2026-06-26T00:00:00,2026-06-26T00:00:00,2026-06-26T02:35:00+00:00,2026-06-26T03:55:00+00:00,80.0,12.11999999999989,-11.77990234375011,1.0,matched,0.0
205,XAUUSD,Buy,97.65,4022.95,4038.04,2026-06-26T00:00:00,2026-06-26T00:00:00,2026-06-26T02:20:00+00:00,2026-06-26T06:20:00+00:00,240.0,17.850048828125182,-24.849902343749818,1.0,matched,0.0
206,XAUUSD,Buy,-49.18,4038.05,4030.45,2026-06-26T00:00:00,2026-06-26T00:00:00,2026-06-26T00:15:00+00:00,2026-06-26T00:25:00+00:00,10.0,0.4499999999998181,-10.749951171875182,1.0,matched,0.0
207,XAUUSD,Sell,-43.03,4029.75,4036.4,2026-06-26T00:00:00,2026-06-26T00:00:00,2026-06-26T00:00:00+00:00,2026-06-26T00:15:00+00:00,15.0,3.449951171875,-8.75,1.0,matched,0.0
208,XAUUSD,Sell,-32.03,4047.54,4052.49,2026-06-26T00:00:00,2026-06-26T00:00:00,2026-06-26T06:55:00+00:00,2026-06-26T07:25:00+00:00,30.0,8.939902343749964,-7.960000000000036,1.0,matched,0.0
209,XAUUSD,Buy,-65.94,4046.84,4036.65,2026-06-26T00:00:00,2026-06-26T00:00:00,,,,,,0.0,exit_not_found_tolerance_1,
210,XAUUSD,Buy,258.97,4054.03,4074.04,2026-06-26T00:00:00,2026-06-26T00:00:00,2026-06-26T07:25:00+00:00,2026-06-26T12:55:00+00:00,330.0,22.6699511718748,-12.8300488281252,1.0,matched,0.0
211,XAUUSD,Sell,11.78,4084.34,4083.43,2026-06-26T00:00:00,2026-06-26T00:00:00,2026-06-26T13:50:00+00:00,2026-06-26T13:50:00+00:00,0.0,8.739902343750146,-0.15999999999985448,1.0,matched,0.0
212,XAUUSD,Sell,-125.67,4085.6,4095.31,2026-06-26T00:00:00,2026-06-26T00:00:00,2026-06-26T13:55:00+00:00,2026-06-26T14:10:00+00:00,15.0,6.700097656249909,-15.400000000000091,1.0,matched,0.0
213,XAUUSD,Sell,256.64,4094.83,4075.0,2026-06-26T00:00:00,2026-06-26T00:00:00,,,,,,0.0,exit_not_found_tolerance_1,
