ledger_index,symbol,side,scenario,threshold_minutes,actual_pnl,simulated_pnl,pnl_delta_vs_control,open_price,actual_close_price,simulated_exit_price,entry_time,actual_exit_time,actual_hold_minutes,confidence,outcome_status
0,XAUUSD,Sell,Control,,124.06,124.06,0.0,4539.36,4519.96,4519.96,2026-06-01T04:45:00+00:00,2026-06-01T08:20:00+00:00,215.0,1.0,actual_exit
0,XAUUSD,Sell,T60,60,124.06,-95.537740697491,-219.59774069749102,4539.36,4519.96,4554.2998046875,2026-06-01T04:45:00+00:00,2026-06-01T08:20:00+00:00,215.0,1.0,forced_exit
0,XAUUSD,Sell,T120,120,124.06,30.438839420906984,-93.62116057909302,4539.36,4519.96,4534.60009765625,2026-06-01T04:45:00+00:00,2026-06-01T08:20:00+00:00,215.0,1.0,forced_exit
0,XAUUSD,Sell,T180,180,124.06,95.02740206185537,-29.032597938144633,4539.36,4519.96,4524.5,2026-06-01T04:45:00+00:00,2026-06-01T08:20:00+00:00,215.0,1.0,forced_exit
0,XAUUSD,Sell,T240,240,124.06,124.06,0.0,4539.36,4519.96,4519.96,2026-06-01T04:45:00+00:00,2026-06-01T08:20:00+00:00,215.0,1.0,human_exited_before_threshold
1,XAUUSD,Sell,Control,,-32.93,-32.93,0.0,4513.0,4523.3,4523.3,2026-06-01T13:10:00+00:00,2026-06-01T13:10:00+00:00,0.0,1.0,actual_exit
1,XAUUSD,Sell,T60,60,-32.93,-32.93,0.0,4513.0,4523.3,4523.3,2026-06-01T13:10:00+00:00,2026-06-01T13:10:00+00:00,0.0,1.0,human_exited_before_threshold
1,XAUUSD,Sell,T120,120,-32.93,-32.93,0.0,4513.0,4523.3,4523.3,2026-06-01T13:10:00+00:00,2026-06-01T13:10:00+00:00,0.0,1.0,human_exited_before_threshold
1,XAUUSD,Sell,T180,180,-32.93,-32.93,0.0,4513.0,4523.3,4523.3,2026-06-01T13:10:00+00:00,2026-06-01T13:10:00+00:00,0.0,1.0,human_exited_before_threshold
1,XAUUSD,Sell,T240,240,-32.93,-32.93,0.0,4513.0,4523.3,4523.3,2026-06-01T13:10:00+00:00,2026-06-01T13:10:00+00:00,0.0,1.0,human_exited_before_threshold
2,XAUUSD,Sell,Control,,109.84,109.84,0.0,4534.35,4500.0,4500.0,2026-06-01T06:35:00+00:00,2026-06-01T13:20:00+00:00,405.0,1.0,actual_exit
2,XAUUSD,Sell,T60,60,109.84,3.3581791302776924,-106.48182086972231,4534.35,4500.0,4533.2998046875,2026-06-01T06:35:00+00:00,2026-06-01T13:20:00+00:00,405.0,1.0,forced_exit
2,XAUUSD,Sell,T120,120,109.84,31.176980303858183,-78.66301969614182,4534.35,4500.0,4524.60009765625,2026-06-01T06:35:00+00:00,2026-06-01T13:20:00+00:00,405.0,1.0,forced_exit
2,XAUUSD,Sell,T180,180,109.84,21.904046579331354,-87.93595342066865,4534.35,4500.0,4527.5,2026-06-01T06:35:00+00:00,2026-06-01T13:20:00+00:00,405.0,1.0,forced_exit
2,XAUUSD,Sell,T240,240,109.84,4.316855895197624,-105.52314410480238,4534.35,4500.0,4533.0,2026-06-01T06:35:00+00:00,2026-06-01T13:20:00+00:00,405.0,1.0,forced_exit
3,XAUUSD,Sell,Control,,-53.4,-53.4,0.0,4497.03,4505.38,4505.38,2026-06-01T13:20:00+00:00,2026-06-01T13:20:00+00:00,0.0,1.0,actual_exit
3,XAUUSD,Sell,T60,60,-53.4,-53.4,0.0,4497.03,4505.38,4505.38,2026-06-01T13:20:00+00:00,2026-06-01T13:20:00+00:00,0.0,1.0,human_exited_before_threshold
3,XAUUSD,Sell,T120,120,-53.4,-53.4,0.0,4497.03,4505.38,4505.38,2026-06-01T13:20:00+00:00,2026-06-01T13:20:00+00:00,0.0,1.0,human_exited_before_threshold
3,XAUUSD,Sell,T180,180,-53.4,-53.4,0.0,4497.03,4505.38,4505.38,2026-06-01T13:20:00+00:00,2026-06-01T13:20:00+00:00,0.0,1.0,human_exited_before_threshold
3,XAUUSD,Sell,T240,240,-53.4,-53.4,0.0,4497.03,4505.38,4505.38,2026-06-01T13:20:00+00:00,2026-06-01T13:20:00+00:00,0.0,1.0,human_exited_before_threshold
5,XAUUSD,Buy,Control,,2.69,2.69,0.0,4499.92,4500.34,4500.34,2026-06-01T13:20:00+00:00,2026-06-01T13:20:00+00:00,0.0,1.0,actual_exit
5,XAUUSD,Buy,T60,60,2.69,2.69,0.0,4499.92,4500.34,4500.34,2026-06-01T13:20:00+00:00,2026-06-01T13:20:00+00:00,0.0,1.0,human_exited_before_threshold
5,XAUUSD,Buy,T120,120,2.69,2.69,0.0,4499.92,4500.34,4500.34,2026-06-01T13:20:00+00:00,2026-06-01T13:20:00+00:00,0.0,1.0,human_exited_before_threshold
5,XAUUSD,Buy,T180,180,2.69,2.69,0.0,4499.92,4500.34,4500.34,2026-06-01T13:20:00+00:00,2026-06-01T13:20:00+00:00,0.0,1.0,human_exited_before_threshold
5,XAUUSD,Buy,T240,240,2.69,2.69,0.0,4499.92,4500.34,4500.34,2026-06-01T13:20:00+00:00,2026-06-01T13:20:00+00:00,0.0,1.0,human_exited_before_threshold
17,XAUUSD,Buy,Control,,17.27,17.27,0.0,4515.35,4518.05,4518.05,2026-06-02T00:20:00+00:00,2026-06-02T00:20:00+00:00,0.0,1.0,actual_exit
17,XAUUSD,Buy,T60,60,17.27,17.27,0.0,4515.35,4518.05,4518.05,2026-06-02T00:20:00+00:00,2026-06-02T00:20:00+00:00,0.0,1.0,human_exited_before_threshold
17,XAUUSD,Buy,T120,120,17.27,17.27,0.0,4515.35,4518.05,4518.05,2026-06-02T00:20:00+00:00,2026-06-02T00:20:00+00:00,0.0,1.0,human_exited_before_threshold
17,XAUUSD,Buy,T180,180,17.27,17.27,0.0,4515.35,4518.05,4518.05,2026-06-02T00:20:00+00:00,2026-06-02T00:20:00+00:00,0.0,1.0,human_exited_before_threshold
17,XAUUSD,Buy,T240,240,17.27,17.27,0.0,4515.35,4518.05,4518.05,2026-06-02T00:20:00+00:00,2026-06-02T00:20:00+00:00,0.0,1.0,human_exited_before_threshold
20,XAUUSD,Buy,Control,,25.66,25.66,0.0,4502.97,4506.98,4506.98,2026-06-02T01:00:00+00:00,2026-06-02T01:00:00+00:00,0.0,1.0,actual_exit
20,XAUUSD,Buy,T60,60,25.66,25.66,0.0,4502.97,4506.98,4506.98,2026-06-02T01:00:00+00:00,2026-06-02T01:00:00+00:00,0.0,1.0,human_exited_before_threshold
20,XAUUSD,Buy,T120,120,25.66,25.66,0.0,4502.97,4506.98,4506.98,2026-06-02T01:00:00+00:00,2026-06-02T01:00:00+00:00,0.0,1.0,human_exited_before_threshold
20,XAUUSD,Buy,T180,180,25.66,25.66,0.0,4502.97,4506.98,4506.98,2026-06-02T01:00:00+00:00,2026-06-02T01:00:00+00:00,0.0,1.0,human_exited_before_threshold
20,XAUUSD,Buy,T240,240,25.66,25.66,0.0,4502.97,4506.98,4506.98,2026-06-02T01:00:00+00:00,2026-06-02T01:00:00+00:00,0.0,1.0,human_exited_before_threshold
23,XAUUSD,Sell,Control,,45.42,45.42,0.0,4497.09,4489.99,4489.99,2026-06-02T01:50:00+00:00,2026-06-02T23:25:00+00:00,1295.0,0.5,actual_exit
23,XAUUSD,Sell,T60,60,45.42,-70.43361064040039,-115.85361064040039,4497.09,4489.99,4508.10009765625,2026-06-02T01:50:00+00:00,2026-06-02T23:25:00+00:00,1295.0,0.5,forced_exit
23,XAUUSD,Sell,T120,120,45.42,-195.1786810629292,-240.5986810629292,4497.09,4489.99,4527.60009765625,2026-06-02T01:50:00+00:00,2026-06-02T23:25:00+00:00,1295.0,0.5,forced_exit
23,XAUUSD,Sell,T180,180,45.42,-293.69467605632207,-339.1146760563221,4497.09,4489.99,4543.0,2026-06-02T01:50:00+00:00,2026-06-02T23:25:00+00:00,1295.0,0.5,forced_exit
23,XAUUSD,Sell,T240,240,45.42,-335.91670923193607,-381.3367092319361,4497.09,4489.99,4549.60009765625,2026-06-02T01:50:00+00:00,2026-06-02T23:25:00+00:00,1295.0,0.5,forced_exit
25,XAUUSD,Sell,Control,,-141.12,-141.12,0.0,4468.39,4490.38,4490.38,2026-06-03T08:55:00+00:00,2026-06-03T10:05:00+00:00,70.0,1.0,actual_exit
25,XAUUSD,Sell,T60,60,-141.12,-18.673562414732054,122.44643758526794,4468.39,4490.38,4471.2998046875,2026-06-03T08:55:00+00:00,2026-06-03T10:05:00+00:00,70.0,1.0,forced_exit
25,XAUUSD,Sell,T120,120,-141.12,-141.12,0.0,4468.39,4490.38,4490.38,2026-06-03T08:55:00+00:00,2026-06-03T10:05:00+00:00,70.0,1.0,human_exited_before_threshold
25,XAUUSD,Sell,T180,180,-141.12,-141.12,0.0,4468.39,4490.38,4490.38,2026-06-03T08:55:00+00:00,2026-06-03T10:05:00+00:00,70.0,1.0,human_exited_before_threshold
25,XAUUSD,Sell,T240,240,-141.12,-141.12,0.0,4468.39,4490.38,4490.38,2026-06-03T08:55:00+00:00,2026-06-03T10:05:00+00:00,70.0,1.0,human_exited_before_threshold
27,XAUUSD,Buy,Control,,17.58,17.58,0.0,4464.98,4467.72,4467.72,2026-06-03T13:40:00+00:00,2026-06-03T13:40:00+00:00,0.0,1.0,actual_exit
27,XAUUSD,Buy,T60,60,17.58,17.58,0.0,4464.98,4467.72,4467.72,2026-06-03T13:40:00+00:00,2026-06-03T13:40:00+00:00,0.0,1.0,human_exited_before_threshold
27,XAUUSD,Buy,T120,120,17.58,17.58,0.0,4464.98,4467.72,4467.72,2026-06-03T13:40:00+00:00,2026-06-03T13:40:00+00:00,0.0,1.0,human_exited_before_threshold
27,XAUUSD,Buy,T180,180,17.58,17.58,0.0,4464.98,4467.72,4467.72,2026-06-03T13:40:00+00:00,2026-06-03T13:40:00+00:00,0.0,1.0,human_exited_before_threshold
27,XAUUSD,Buy,T240,240,17.58,17.58,0.0,4464.98,4467.72,4467.72,2026-06-03T13:40:00+00:00,2026-06-03T13:40:00+00:00,0.0,1.0,human_exited_before_threshold
40,XAUUSD,Sell,Control,,-111.09,-111.09,0.0,4461.103457,4478.4,4478.4,2026-06-03T13:40:00+00:00,2026-06-03T14:00:00+00:00,20.0,1.0,actual_exit
40,XAUUSD,Sell,T60,60,-111.09,-111.09,0.0,4461.103457,4478.4,4478.4,2026-06-03T13:40:00+00:00,2026-06-03T14:00:00+00:00,20.0,1.0,human_exited_before_threshold
40,XAUUSD,Sell,T120,120,-111.09,-111.09,0.0,4461.103457,4478.4,4478.4,2026-06-03T13:40:00+00:00,2026-06-03T14:00:00+00:00,20.0,1.0,human_exited_before_threshold
40,XAUUSD,Sell,T180,180,-111.09,-111.09,0.0,4461.103457,4478.4,4478.4,2026-06-03T13:40:00+00:00,2026-06-03T14:00:00+00:00,20.0,1.0,human_exited_before_threshold
40,XAUUSD,Sell,T240,240,-111.09,-111.09,0.0,4461.103457,4478.4,4478.4,2026-06-03T13:40:00+00:00,2026-06-03T14:00:00+00:00,20.0,1.0,human_exited_before_threshold
44,XAUUSD,Buy,Control,,-84.84,-84.84,0.0,4502.73,4489.52,4489.52,2026-06-04T02:55:00+00:00,2026-06-04T03:40:00+00:00,45.0,1.0,actual_exit
44,XAUUSD,Buy,T60,60,-84.84,-84.84,0.0,4502.73,4489.52,4489.52,2026-06-04T02:55:00+00:00,2026-06-04T03:40:00+00:00,45.0,1.0,human_exited_before_threshold
44,XAUUSD,Buy,T120,120,-84.84,-84.84,0.0,4502.73,4489.52,4489.52,2026-06-04T02:55:00+00:00,2026-06-04T03:40:00+00:00,45.0,1.0,human_exited_before_threshold
44,XAUUSD,Buy,T180,180,-84.84,-84.84,0.0,4502.73,4489.52,4489.52,2026-06-04T02:55:00+00:00,2026-06-04T03:40:00+00:00,45.0,1.0,human_exited_before_threshold
44,XAUUSD,Buy,T240,240,-84.84,-84.84,0.0,4502.73,4489.52,4489.52,2026-06-04T02:55:00+00:00,2026-06-04T03:40:00+00:00,45.0,1.0,human_exited_before_threshold
45,XAUUSD,Buy,Control,,-67.05,-67.05,0.0,4479.82,4469.38,4469.38,2026-06-04T00:10:00+00:00,2026-06-04T01:00:00+00:00,50.0,0.5,actual_exit
45,XAUUSD,Buy,T60,60,-67.05,-67.05,0.0,4479.82,4469.38,4469.38,2026-06-04T00:10:00+00:00,2026-06-04T01:00:00+00:00,50.0,0.5,human_exited_before_threshold
45,XAUUSD,Buy,T120,120,-67.05,-67.05,0.0,4479.82,4469.38,4469.38,2026-06-04T00:10:00+00:00,2026-06-04T01:00:00+00:00,50.0,0.5,human_exited_before_threshold
45,XAUUSD,Buy,T180,180,-67.05,-67.05,0.0,4479.82,4469.38,4469.38,2026-06-04T00:10:00+00:00,2026-06-04T01:00:00+00:00,50.0,0.5,human_exited_before_threshold
45,XAUUSD,Buy,T240,240,-67.05,-67.05,0.0,4479.82,4469.38,4469.38,2026-06-04T00:10:00+00:00,2026-06-04T01:00:00+00:00,50.0,0.5,human_exited_before_threshold
47,XAUUSD,Sell,Control,,123.62,123.62,0.0,4463.15,4444.0,4444.0,2026-06-05T03:00:00+00:00,2026-06-05T12:50:00+00:00,590.0,1.0,actual_exit
47,XAUUSD,Sell,T60,60,123.62,-35.8284670773529,-159.44846707735292,4463.15,4444.0,4468.7001953125,2026-06-05T03:00:00+00:00,2026-06-05T12:50:00+00:00,590.0,1.0,forced_exit
47,XAUUSD,Sell,T120,120,123.62,-68.10522947944229,-191.7252294794423,4463.15,4444.0,4473.7001953125,2026-06-05T03:00:00+00:00,2026-06-05T12:50:00+00:00,590.0,1.0,forced_exit
47,XAUUSD,Sell,T180,180,123.62,-4.194718301242637,-127.81471830124264,4463.15,4444.0,4463.7998046875,2026-06-05T03:00:00+00:00,2026-06-05T12:50:00+00:00,590.0,1.0,forced_exit
47,XAUUSD,Sell,T240,240,123.62,-119.10188366922786,-242.72188366922785,4463.15,4444.0,4481.60009765625,2026-06-05T03:00:00+00:00,2026-06-05T12:50:00+00:00,590.0,1.0,forced_exit
50,XAUUSD,Sell,Control,,-47.51,-47.51,0.0,4462.97,4470.33,4470.33,2026-06-05T03:00:00+00:00,2026-06-05T04:00:00+00:00,60.0,1.0,actual_exit
50,XAUUSD,Sell,T60,60,-47.51,-47.51,0.0,4462.97,4470.33,4470.33,2026-06-05T03:00:00+00:00,2026-06-05T04:00:00+00:00,60.0,1.0,human_exited_before_threshold
50,XAUUSD,Sell,T120,120,-47.51,-47.51,0.0,4462.97,4470.33,4470.33,2026-06-05T03:00:00+00:00,2026-06-05T04:00:00+00:00,60.0,1.0,human_exited_before_threshold
50,XAUUSD,Sell,T180,180,-47.51,-47.51,0.0,4462.97,4470.33,4470.33,2026-06-05T03:00:00+00:00,2026-06-05T04:00:00+00:00,60.0,1.0,human_exited_before_threshold
50,XAUUSD,Sell,T240,240,-47.51,-47.51,0.0,4462.97,4470.33,4470.33,2026-06-05T03:00:00+00:00,2026-06-05T04:00:00+00:00,60.0,1.0,human_exited_before_threshold
52,XAUUSD,Buy,Control,,-79.08,-79.08,0.0,4466.9,4454.65,4454.65,2026-06-05T02:40:00+00:00,2026-06-05T12:50:00+00:00,610.0,1.0,actual_exit
52,XAUUSD,Buy,T60,60,-79.08,1.2917324617370425,80.37173246173704,4466.9,4454.65,4467.10009765625,2026-06-05T02:40:00+00:00,2026-06-05T12:50:00+00:00,610.0,1.0,forced_exit
52,XAUUSD,Buy,T120,120,-79.08,2.580943239798267,81.66094323979827,4466.9,4454.65,4467.2998046875,2026-06-05T02:40:00+00:00,2026-06-05T12:50:00+00:00,610.0,1.0,forced_exit
52,XAUUSD,Buy,T180,180,-79.08,18.076689413267655,97.15668941326766,4466.9,4454.65,4469.7001953125,2026-06-05T02:40:00+00:00,2026-06-05T12:50:00+00:00,610.0,1.0,forced_exit
52,XAUUSD,Buy,T240,240,-79.08,47.126485331635,126.20648533163501,4466.9,4454.65,4474.2001953125,2026-06-05T02:40:00+00:00,2026-06-05T12:50:00+00:00,610.0,1.0,forced_exit
55,XAUUSD,Sell,Control,,201.64,201.64,0.0,4341.2,4309.9,4309.9,2026-06-08T01:15:00+00:00,2026-06-08T05:35:00+00:00,260.0,1.0,actual_exit
55,XAUUSD,Sell,T60,60,201.64,34.78898986621268,-166.8510101337873,4341.2,4309.9,4335.7998046875,2026-06-08T01:15:00+00:00,2026-06-08T05:35:00+00:00,260.0,1.0,forced_exit
55,XAUUSD,Sell,T120,120,201.64,60.557679962059176,-141.0823200379408,4341.2,4309.9,4331.7998046875,2026-06-08T01:15:00+00:00,2026-06-08T05:35:00+00:00,260.0,1.0,forced_exit
55,XAUUSD,Sell,T180,180,201.64,-9.664517022764693,-211.30451702276468,4341.2,4309.9,4342.7001953125,2026-06-08T01:15:00+00:00,2026-06-08T05:35:00+00:00,260.0,1.0,forced_exit
55,XAUUSD,Sell,T240,240,201.64,50.894421176116744,-150.74557882388325,4341.2,4309.9,4333.2998046875,2026-06-08T01:15:00+00:00,2026-06-08T05:35:00+00:00,260.0,1.0,forced_exit
59,XAUUSD,Sell,Control,,-75.5,-75.5,0.0,4294.54,4306.26,4306.26,2026-06-08T05:35:00+00:00,2026-06-08T05:35:00+00:00,0.0,1.0,actual_exit
59,XAUUSD,Sell,T60,60,-75.5,-75.5,0.0,4294.54,4306.26,4306.26,2026-06-08T05:35:00+00:00,2026-06-08T05:35:00+00:00,0.0,1.0,human_exited_before_threshold
59,XAUUSD,Sell,T120,120,-75.5,-75.5,0.0,4294.54,4306.26,4306.26,2026-06-08T05:35:00+00:00,2026-06-08T05:35:00+00:00,0.0,1.0,human_exited_before_threshold
59,XAUUSD,Sell,T180,180,-75.5,-75.5,0.0,4294.54,4306.26,4306.26,2026-06-08T05:35:00+00:00,2026-06-08T05:35:00+00:00,0.0,1.0,human_exited_before_threshold
59,XAUUSD,Sell,T240,240,-75.5,-75.5,0.0,4294.54,4306.26,4306.26,2026-06-08T05:35:00+00:00,2026-06-08T05:35:00+00:00,0.0,1.0,human_exited_before_threshold
60,XAUUSD,Sell,Control,,-45.93,-45.93,0.0,4324.43,4331.56,4331.56,2026-06-08T01:30:00+00:00,2026-06-08T01:30:00+00:00,0.0,1.0,actual_exit
60,XAUUSD,Sell,T60,60,-45.93,-45.93,0.0,4324.43,4331.56,4331.56,2026-06-08T01:30:00+00:00,2026-06-08T01:30:00+00:00,0.0,1.0,human_exited_before_threshold
60,XAUUSD,Sell,T120,120,-45.93,-45.93,0.0,4324.43,4331.56,4331.56,2026-06-08T01:30:00+00:00,2026-06-08T01:30:00+00:00,0.0,1.0,human_exited_before_threshold
60,XAUUSD,Sell,T180,180,-45.93,-45.93,0.0,4324.43,4331.56,4331.56,2026-06-08T01:30:00+00:00,2026-06-08T01:30:00+00:00,0.0,1.0,human_exited_before_threshold
60,XAUUSD,Sell,T240,240,-45.93,-45.93,0.0,4324.43,4331.56,4331.56,2026-06-08T01:30:00+00:00,2026-06-08T01:30:00+00:00,0.0,1.0,human_exited_before_threshold
61,XAUUSD,Sell,Control,,-53.6,-53.6,0.0,4329.2,4337.52,4337.52,2026-06-08T01:30:00+00:00,2026-06-08T01:30:00+00:00,0.0,1.0,actual_exit
61,XAUUSD,Sell,T60,60,-53.6,-53.6,0.0,4329.2,4337.52,4337.52,2026-06-08T01:30:00+00:00,2026-06-08T01:30:00+00:00,0.0,1.0,human_exited_before_threshold
61,XAUUSD,Sell,T120,120,-53.6,-53.6,0.0,4329.2,4337.52,4337.52,2026-06-08T01:30:00+00:00,2026-06-08T01:30:00+00:00,0.0,1.0,human_exited_before_threshold
61,XAUUSD,Sell,T180,180,-53.6,-53.6,0.0,4329.2,4337.52,4337.52,2026-06-08T01:30:00+00:00,2026-06-08T01:30:00+00:00,0.0,1.0,human_exited_before_threshold
61,XAUUSD,Sell,T240,240,-53.6,-53.6,0.0,4329.2,4337.52,4337.52,2026-06-08T01:30:00+00:00,2026-06-08T01:30:00+00:00,0.0,1.0,human_exited_before_threshold
62,XAUUSD,Buy,Control,,-50.18,-50.18,0.0,4334.24,4326.45,4326.45,2026-06-08T01:20:00+00:00,2026-06-08T01:30:00+00:00,10.0,1.0,actual_exit
62,XAUUSD,Buy,T60,60,-50.18,-50.18,0.0,4334.24,4326.45,4326.45,2026-06-08T01:20:00+00:00,2026-06-08T01:30:00+00:00,10.0,1.0,human_exited_before_threshold
62,XAUUSD,Buy,T120,120,-50.18,-50.18,0.0,4334.24,4326.45,4326.45,2026-06-08T01:20:00+00:00,2026-06-08T01:30:00+00:00,10.0,1.0,human_exited_before_threshold
62,XAUUSD,Buy,T180,180,-50.18,-50.18,0.0,4334.24,4326.45,4326.45,2026-06-08T01:20:00+00:00,2026-06-08T01:30:00+00:00,10.0,1.0,human_exited_before_threshold
62,XAUUSD,Buy,T240,240,-50.18,-50.18,0.0,4334.24,4326.45,4326.45,2026-06-08T01:20:00+00:00,2026-06-08T01:30:00+00:00,10.0,1.0,human_exited_before_threshold
66,XAUUSD,Sell,Control,,-61.59,-61.59,0.0,4326.99,4336.55,4336.55,2026-06-08T01:30:00+00:00,2026-06-08T01:30:00+00:00,0.0,1.0,actual_exit
66,XAUUSD,Sell,T60,60,-61.59,-61.59,0.0,4326.99,4336.55,4336.55,2026-06-08T01:30:00+00:00,2026-06-08T01:30:00+00:00,0.0,1.0,human_exited_before_threshold
66,XAUUSD,Sell,T120,120,-61.59,-61.59,0.0,4326.99,4336.55,4336.55,2026-06-08T01:30:00+00:00,2026-06-08T01:30:00+00:00,0.0,1.0,human_exited_before_threshold
66,XAUUSD,Sell,T180,180,-61.59,-61.59,0.0,4326.99,4336.55,4336.55,2026-06-08T01:30:00+00:00,2026-06-08T01:30:00+00:00,0.0,1.0,human_exited_before_threshold
66,XAUUSD,Sell,T240,240,-61.59,-61.59,0.0,4326.99,4336.55,4336.55,2026-06-08T01:30:00+00:00,2026-06-08T01:30:00+00:00,0.0,1.0,human_exited_before_threshold
67,XAUUSD,Sell,Control,,111.12,111.12,0.0,4342.2,4324.95,4324.95,2026-06-08T01:15:00+00:00,2026-06-08T01:30:00+00:00,15.0,1.0,actual_exit
67,XAUUSD,Sell,T60,60,111.12,111.12,0.0,4342.2,4324.95,4324.95,2026-06-08T01:15:00+00:00,2026-06-08T01:30:00+00:00,15.0,1.0,human_exited_before_threshold
67,XAUUSD,Sell,T120,120,111.12,111.12,0.0,4342.2,4324.95,4324.95,2026-06-08T01:15:00+00:00,2026-06-08T01:30:00+00:00,15.0,1.0,human_exited_before_threshold
67,XAUUSD,Sell,T180,180,111.12,111.12,0.0,4342.2,4324.95,4324.95,2026-06-08T01:15:00+00:00,2026-06-08T01:30:00+00:00,15.0,1.0,human_exited_before_threshold
67,XAUUSD,Sell,T240,240,111.12,111.12,0.0,4342.2,4324.95,4324.95,2026-06-08T01:15:00+00:00,2026-06-08T01:30:00+00:00,15.0,1.0,human_exited_before_threshold
69,XAUUSD,Buy,Control,,-44.21,-44.21,0.0,4328.32,4321.45,4321.45,2026-06-09T14:15:00+00:00,2026-06-09T14:40:00+00:00,25.0,1.0,actual_exit
69,XAUUSD,Buy,T60,60,-44.21,-44.21,0.0,4328.32,4321.45,4321.45,2026-06-09T14:15:00+00:00,2026-06-09T14:40:00+00:00,25.0,1.0,human_exited_before_threshold
69,XAUUSD,Buy,T120,120,-44.21,-44.21,0.0,4328.32,4321.45,4321.45,2026-06-09T14:15:00+00:00,2026-06-09T14:40:00+00:00,25.0,1.0,human_exited_before_threshold
69,XAUUSD,Buy,T180,180,-44.21,-44.21,0.0,4328.32,4321.45,4321.45,2026-06-09T14:15:00+00:00,2026-06-09T14:40:00+00:00,25.0,1.0,human_exited_before_threshold
69,XAUUSD,Buy,T240,240,-44.21,-44.21,0.0,4328.32,4321.45,4321.45,2026-06-09T14:15:00+00:00,2026-06-09T14:40:00+00:00,25.0,1.0,human_exited_before_threshold
71,XAUUSD,Sell,Control,,-40.8,-40.8,0.0,4317.33,4323.67,4323.67,2026-06-09T14:40:00+00:00,2026-06-09T14:40:00+00:00,0.0,1.0,actual_exit
71,XAUUSD,Sell,T60,60,-40.8,-40.8,0.0,4317.33,4323.67,4323.67,2026-06-09T14:40:00+00:00,2026-06-09T14:40:00+00:00,0.0,1.0,human_exited_before_threshold
71,XAUUSD,Sell,T120,120,-40.8,-40.8,0.0,4317.33,4323.67,4323.67,2026-06-09T14:40:00+00:00,2026-06-09T14:40:00+00:00,0.0,1.0,human_exited_before_threshold
71,XAUUSD,Sell,T180,180,-40.8,-40.8,0.0,4317.33,4323.67,4323.67,2026-06-09T14:40:00+00:00,2026-06-09T14:40:00+00:00,0.0,1.0,human_exited_before_threshold
71,XAUUSD,Sell,T240,240,-40.8,-40.8,0.0,4317.33,4323.67,4323.67,2026-06-09T14:40:00+00:00,2026-06-09T14:40:00+00:00,0.0,1.0,human_exited_before_threshold
73,XAUUSD,Buy,Control,,80.7,80.7,0.0,4332.5,4345.04,4345.04,2026-06-09T14:15:00+00:00,2026-06-09T14:15:00+00:00,0.0,1.0,actual_exit
73,XAUUSD,Buy,T60,60,80.7,80.7,0.0,4332.5,4345.04,4345.04,2026-06-09T14:15:00+00:00,2026-06-09T14:15:00+00:00,0.0,1.0,human_exited_before_threshold
73,XAUUSD,Buy,T120,120,80.7,80.7,0.0,4332.5,4345.04,4345.04,2026-06-09T14:15:00+00:00,2026-06-09T14:15:00+00:00,0.0,1.0,human_exited_before_threshold
73,XAUUSD,Buy,T180,180,80.7,80.7,0.0,4332.5,4345.04,4345.04,2026-06-09T14:15:00+00:00,2026-06-09T14:15:00+00:00,0.0,1.0,human_exited_before_threshold
73,XAUUSD,Buy,T240,240,80.7,80.7,0.0,4332.5,4345.04,4345.04,2026-06-09T14:15:00+00:00,2026-06-09T14:15:00+00:00,0.0,1.0,human_exited_before_threshold
74,XAUUSD,Buy,Control,,-78.96,-78.96,0.0,4341.86,4329.59,4329.59,2026-06-09T00:00:00+00:00,2026-06-09T14:15:00+00:00,855.0,1.0,actual_exit
74,XAUUSD,Buy,T60,60,-78.96,23.424156479220613,102.38415647922061,4341.86,4329.59,4345.5,2026-06-09T00:00:00+00:00,2026-06-09T14:15:00+00:00,855.0,1.0,forced_exit
74,XAUUSD,Buy,T120,120,-78.96,98.71734489609392,177.67734489609393,4341.86,4329.59,4357.2001953125,2026-06-09T00:00:00+00:00,2026-06-09T14:15:00+00:00,855.0,1.0,forced_exit
74,XAUUSD,Buy,T180,180,-78.96,93.56729332213285,172.52729332213283,4341.86,4329.59,4356.39990234375,2026-06-09T00:00:00+00:00,2026-06-09T14:15:00+00:00,855.0,1.0,forced_exit
74,XAUUSD,Buy,T240,240,-78.96,115.44637148533663,194.40637148533662,4341.86,4329.59,4359.7998046875,2026-06-09T00:00:00+00:00,2026-06-09T14:15:00+00:00,855.0,1.0,forced_exit
75,XAUUSD,Sell,Control,,186.36,186.36,0.0,4343.86,4314.9,4314.9,2026-06-09T00:05:00+00:00,2026-06-09T14:40:00+00:00,875.0,1.0,actual_exit
75,XAUUSD,Sell,T60,60,186.36,-36.29386740331698,-222.653867403317,4343.86,4314.9,4349.5,2026-06-09T00:05:00+00:00,2026-06-09T14:40:00+00:00,875.0,1.0,forced_exit
75,XAUUSD,Sell,T120,120,186.36,-75.54850135424063,-261.9085013542406,4343.86,4314.9,4355.60009765625,2026-06-09T00:05:00+00:00,2026-06-09T14:40:00+00:00,875.0,1.0,forced_exit
75,XAUUSD,Sell,T180,180,186.36,-118.02067674162835,-304.38067674162835,4343.86,4314.9,4362.2001953125,2026-06-09T00:05:00+00:00,2026-06-09T14:40:00+00:00,875.0,1.0,forced_exit
75,XAUUSD,Sell,T240,240,186.36,-115.44412988820984,-301.80412988820984,4343.86,4314.9,4361.7998046875,2026-06-09T00:05:00+00:00,2026-06-09T14:40:00+00:00,875.0,1.0,forced_exit
76,XAUUSD,Sell,Control,,-33.27,-33.27,0.0,4306.22,4311.39,4311.39,2026-06-09T14:45:00+00:00,2026-06-09T14:45:00+00:00,0.0,1.0,actual_exit
76,XAUUSD,Sell,T60,60,-33.27,-33.27,0.0,4306.22,4311.39,4311.39,2026-06-09T14:45:00+00:00,2026-06-09T14:45:00+00:00,0.0,1.0,human_exited_before_threshold
76,XAUUSD,Sell,T120,120,-33.27,-33.27,0.0,4306.22,4311.39,4311.39,2026-06-09T14:45:00+00:00,2026-06-09T14:45:00+00:00,0.0,1.0,human_exited_before_threshold
76,XAUUSD,Sell,T180,180,-33.27,-33.27,0.0,4306.22,4311.39,4311.39,2026-06-09T14:45:00+00:00,2026-06-09T14:45:00+00:00,0.0,1.0,human_exited_before_threshold
76,XAUUSD,Sell,T240,240,-33.27,-33.27,0.0,4306.22,4311.39,4311.39,2026-06-09T14:45:00+00:00,2026-06-09T14:45:00+00:00,0.0,1.0,human_exited_before_threshold
77,XAUUSD,Sell,Control,,67.18,67.18,0.0,4316.43,4305.99,4305.99,2026-06-09T14:40:00+00:00,2026-06-09T14:45:00+00:00,5.0,1.0,actual_exit
77,XAUUSD,Sell,T60,60,67.18,67.18,0.0,4316.43,4305.99,4305.99,2026-06-09T14:40:00+00:00,2026-06-09T14:45:00+00:00,5.0,1.0,human_exited_before_threshold
77,XAUUSD,Sell,T120,120,67.18,67.18,0.0,4316.43,4305.99,4305.99,2026-06-09T14:40:00+00:00,2026-06-09T14:45:00+00:00,5.0,1.0,human_exited_before_threshold
77,XAUUSD,Sell,T180,180,67.18,67.18,0.0,4316.43,4305.99,4305.99,2026-06-09T14:40:00+00:00,2026-06-09T14:45:00+00:00,5.0,1.0,human_exited_before_threshold
77,XAUUSD,Sell,T240,240,67.18,67.18,0.0,4316.43,4305.99,4305.99,2026-06-09T14:40:00+00:00,2026-06-09T14:45:00+00:00,5.0,1.0,human_exited_before_threshold
78,XAUUSD,Buy,Control,,-149.29,-149.29,0.0,4310.6,4287.4,4287.4,2026-06-09T14:40:00+00:00,2026-06-09T15:35:00+00:00,55.0,1.0,actual_exit
78,XAUUSD,Buy,T60,60,-149.29,-149.29,0.0,4310.6,4287.4,4287.4,2026-06-09T14:40:00+00:00,2026-06-09T15:35:00+00:00,55.0,1.0,human_exited_before_threshold
78,XAUUSD,Buy,T120,120,-149.29,-149.29,0.0,4310.6,4287.4,4287.4,2026-06-09T14:40:00+00:00,2026-06-09T15:35:00+00:00,55.0,1.0,human_exited_before_threshold
78,XAUUSD,Buy,T180,180,-149.29,-149.29,0.0,4310.6,4287.4,4287.4,2026-06-09T14:40:00+00:00,2026-06-09T15:35:00+00:00,55.0,1.0,human_exited_before_threshold
78,XAUUSD,Buy,T240,240,-149.29,-149.29,0.0,4310.6,4287.4,4287.4,2026-06-09T14:40:00+00:00,2026-06-09T15:35:00+00:00,55.0,1.0,human_exited_before_threshold
79,XAUUSD,Buy,Control,,-166.41,-166.41,0.0,4313.46,4287.6,4287.6,2026-06-09T14:40:00+00:00,2026-06-09T15:35:00+00:00,55.0,1.0,actual_exit
79,XAUUSD,Buy,T60,60,-166.41,-166.41,0.0,4313.46,4287.6,4287.6,2026-06-09T14:40:00+00:00,2026-06-09T15:35:00+00:00,55.0,1.0,human_exited_before_threshold
79,XAUUSD,Buy,T120,120,-166.41,-166.41,0.0,4313.46,4287.6,4287.6,2026-06-09T14:40:00+00:00,2026-06-09T15:35:00+00:00,55.0,1.0,human_exited_before_threshold
79,XAUUSD,Buy,T180,180,-166.41,-166.41,0.0,4313.46,4287.6,4287.6,2026-06-09T14:40:00+00:00,2026-06-09T15:35:00+00:00,55.0,1.0,human_exited_before_threshold
79,XAUUSD,Buy,T240,240,-166.41,-166.41,0.0,4313.46,4287.6,4287.6,2026-06-09T14:40:00+00:00,2026-06-09T15:35:00+00:00,55.0,1.0,human_exited_before_threshold
80,XAUUSD,Buy,Control,,35.39,35.39,0.0,4294.6,4300.1,4300.1,2026-06-09T15:30:00+00:00,2026-06-09T15:30:00+00:00,0.0,1.0,actual_exit
80,XAUUSD,Buy,T60,60,35.39,35.39,0.0,4294.6,4300.1,4300.1,2026-06-09T15:30:00+00:00,2026-06-09T15:30:00+00:00,0.0,1.0,human_exited_before_threshold
80,XAUUSD,Buy,T120,120,35.39,35.39,0.0,4294.6,4300.1,4300.1,2026-06-09T15:30:00+00:00,2026-06-09T15:30:00+00:00,0.0,1.0,human_exited_before_threshold
80,XAUUSD,Buy,T180,180,35.39,35.39,0.0,4294.6,4300.1,4300.1,2026-06-09T15:30:00+00:00,2026-06-09T15:30:00+00:00,0.0,1.0,human_exited_before_threshold
80,XAUUSD,Buy,T240,240,35.39,35.39,0.0,4294.6,4300.1,4300.1,2026-06-09T15:30:00+00:00,2026-06-09T15:30:00+00:00,0.0,1.0,human_exited_before_threshold
81,XAUUSD,Sell,Control,,208.69,208.69,0.0,4317.38,4284.95,4284.95,2026-06-09T14:40:00+00:00,2026-06-09T16:05:00+00:00,85.0,1.0,actual_exit
81,XAUUSD,Sell,T60,60,208.69,85.45737959041583,-123.23262040958417,4317.38,4284.95,4304.10009765625,2026-06-09T14:40:00+00:00,2026-06-09T16:05:00+00:00,85.0,1.0,forced_exit
81,XAUUSD,Sell,T120,120,208.69,208.69,0.0,4317.38,4284.95,4284.95,2026-06-09T14:40:00+00:00,2026-06-09T16:05:00+00:00,85.0,1.0,human_exited_before_threshold
81,XAUUSD,Sell,T180,180,208.69,208.69,0.0,4317.38,4284.95,4284.95,2026-06-09T14:40:00+00:00,2026-06-09T16:05:00+00:00,85.0,1.0,human_exited_before_threshold
81,XAUUSD,Sell,T240,240,208.69,208.69,0.0,4317.38,4284.95,4284.95,2026-06-09T14:40:00+00:00,2026-06-09T16:05:00+00:00,85.0,1.0,human_exited_before_threshold
82,XAUUSD,Sell,Control,,31.98,31.98,0.0,4284.52,4279.55,4279.55,2026-06-09T16:10:00+00:00,2026-06-09T16:15:00+00:00,5.0,1.0,actual_exit
82,XAUUSD,Sell,T60,60,31.98,31.98,0.0,4284.52,4279.55,4279.55,2026-06-09T16:10:00+00:00,2026-06-09T16:15:00+00:00,5.0,1.0,human_exited_before_threshold
82,XAUUSD,Sell,T120,120,31.98,31.98,0.0,4284.52,4279.55,4279.55,2026-06-09T16:10:00+00:00,2026-06-09T16:15:00+00:00,5.0,1.0,human_exited_before_threshold
82,XAUUSD,Sell,T180,180,31.98,31.98,0.0,4284.52,4279.55,4279.55,2026-06-09T16:10:00+00:00,2026-06-09T16:15:00+00:00,5.0,1.0,human_exited_before_threshold
82,XAUUSD,Sell,T240,240,31.98,31.98,0.0,4284.52,4279.55,4279.55,2026-06-09T16:10:00+00:00,2026-06-09T16:15:00+00:00,5.0,1.0,human_exited_before_threshold
83,XAUUSD,Sell,Control,,120.46,120.46,0.0,4280.22,4261.5,4261.5,2026-06-09T16:15:00+00:00,2026-06-09T16:35:00+00:00,20.0,1.0,actual_exit
83,XAUUSD,Sell,T60,60,120.46,120.46,0.0,4280.22,4261.5,4261.5,2026-06-09T16:15:00+00:00,2026-06-09T16:35:00+00:00,20.0,1.0,human_exited_before_threshold
83,XAUUSD,Sell,T120,120,120.46,120.46,0.0,4280.22,4261.5,4261.5,2026-06-09T16:15:00+00:00,2026-06-09T16:35:00+00:00,20.0,1.0,human_exited_before_threshold
83,XAUUSD,Sell,T180,180,120.46,120.46,0.0,4280.22,4261.5,4261.5,2026-06-09T16:15:00+00:00,2026-06-09T16:35:00+00:00,20.0,1.0,human_exited_before_threshold
83,XAUUSD,Sell,T240,240,120.46,120.46,0.0,4280.22,4261.5,4261.5,2026-06-09T16:15:00+00:00,2026-06-09T16:35:00+00:00,20.0,1.0,human_exited_before_threshold
85,XAUUSD,Sell,Control,,-41.25,-41.25,0.0,4259.93,4266.34,4266.34,2026-06-09T16:40:00+00:00,2026-06-09T16:40:00+00:00,0.0,1.0,actual_exit
85,XAUUSD,Sell,T60,60,-41.25,-41.25,0.0,4259.93,4266.34,4266.34,2026-06-09T16:40:00+00:00,2026-06-09T16:40:00+00:00,0.0,1.0,human_exited_before_threshold
85,XAUUSD,Sell,T120,120,-41.25,-41.25,0.0,4259.93,4266.34,4266.34,2026-06-09T16:40:00+00:00,2026-06-09T16:40:00+00:00,0.0,1.0,human_exited_before_threshold
85,XAUUSD,Sell,T180,180,-41.25,-41.25,0.0,4259.93,4266.34,4266.34,2026-06-09T16:40:00+00:00,2026-06-09T16:40:00+00:00,0.0,1.0,human_exited_before_threshold
85,XAUUSD,Sell,T240,240,-41.25,-41.25,0.0,4259.93,4266.34,4266.34,2026-06-09T16:40:00+00:00,2026-06-09T16:40:00+00:00,0.0,1.0,human_exited_before_threshold
86,XAUUSD,Buy,Control,,-66.94,-66.94,0.0,4237.0,4226.61,4226.61,2026-06-10T00:30:00+00:00,2026-06-10T00:35:00+00:00,5.0,1.0,actual_exit
86,XAUUSD,Buy,T60,60,-66.94,-66.94,0.0,4237.0,4226.61,4226.61,2026-06-10T00:30:00+00:00,2026-06-10T00:35:00+00:00,5.0,1.0,human_exited_before_threshold
86,XAUUSD,Buy,T120,120,-66.94,-66.94,0.0,4237.0,4226.61,4226.61,2026-06-10T00:30:00+00:00,2026-06-10T00:35:00+00:00,5.0,1.0,human_exited_before_threshold
86,XAUUSD,Buy,T180,180,-66.94,-66.94,0.0,4237.0,4226.61,4226.61,2026-06-10T00:30:00+00:00,2026-06-10T00:35:00+00:00,5.0,1.0,human_exited_before_threshold
86,XAUUSD,Buy,T240,240,-66.94,-66.94,0.0,4237.0,4226.61,4226.61,2026-06-10T00:30:00+00:00,2026-06-10T00:35:00+00:00,5.0,1.0,human_exited_before_threshold
87,XAUUSD,Sell,Control,,224.71,224.71,0.0,4224.76,4189.88,4189.88,2026-06-10T00:40:00+00:00,2026-06-10T08:00:00+00:00,440.0,1.0,actual_exit
87,XAUUSD,Sell,T60,60,224.71,90.5785181000047,-134.13148189999532,4224.76,4189.88,4210.7001953125,2026-06-10T00:40:00+00:00,2026-06-10T08:00:00+00:00,440.0,1.0,forced_exit
87,XAUUSD,Sell,T120,120,224.71,106.04273189999749,-118.66726810000252,4224.76,4189.88,4208.2998046875,2026-06-10T00:40:00+00:00,2026-06-10T08:00:00+00:00,440.0,1.0,forced_exit
87,XAUUSD,Sell,T180,180,224.71,137.60973464265973,-87.10026535734028,4224.76,4189.88,4203.39990234375,2026-06-10T00:40:00+00:00,2026-06-10T08:00:00+00:00,440.0,1.0,forced_exit
87,XAUUSD,Sell,T240,240,224.71,182.70635161513664,-42.00364838486337,4224.76,4189.88,4196.39990234375,2026-06-10T00:40:00+00:00,2026-06-10T08:00:00+00:00,440.0,1.0,forced_exit
90,XAUUSD,Sell,Control,,203.58,203.58,0.0,4171.58,4139.98,4139.98,2026-06-10T11:55:00+00:00,2026-06-10T14:55:00+00:00,180.0,1.0,actual_exit
90,XAUUSD,Sell,T60,60,203.58,12.75533288419638,-190.82466711580363,4171.58,4139.98,4169.60009765625,2026-06-10T11:55:00+00:00,2026-06-10T14:55:00+00:00,180.0,1.0,forced_exit
90,XAUUSD,Sell,T120,120,203.58,-202.42036708860576,-406.0003670886058,4171.58,4139.98,4203.0,2026-06-10T11:55:00+00:00,2026-06-10T14:55:00+00:00,180.0,1.0,forced_exit
90,XAUUSD,Sell,T180,180,203.58,203.58,0.0,4171.58,4139.98,4139.98,2026-06-10T11:55:00+00:00,2026-06-10T14:55:00+00:00,180.0,1.0,human_exited_before_threshold
90,XAUUSD,Sell,T240,240,203.58,203.58,0.0,4171.58,4139.98,4139.98,2026-06-10T11:55:00+00:00,2026-06-10T14:55:00+00:00,180.0,1.0,human_exited_before_threshold
91,XAUUSD,Sell,Control,,-32.66,-32.66,0.0,4148.36,4153.43,4153.43,2026-06-10T14:55:00+00:00,2026-06-10T14:55:00+00:00,0.0,1.0,actual_exit
91,XAUUSD,Sell,T60,60,-32.66,-32.66,0.0,4148.36,4153.43,4153.43,2026-06-10T14:55:00+00:00,2026-06-10T14:55:00+00:00,0.0,1.0,human_exited_before_threshold
91,XAUUSD,Sell,T120,120,-32.66,-32.66,0.0,4148.36,4153.43,4153.43,2026-06-10T14:55:00+00:00,2026-06-10T14:55:00+00:00,0.0,1.0,human_exited_before_threshold
91,XAUUSD,Sell,T180,180,-32.66,-32.66,0.0,4148.36,4153.43,4153.43,2026-06-10T14:55:00+00:00,2026-06-10T14:55:00+00:00,0.0,1.0,human_exited_before_threshold
91,XAUUSD,Sell,T240,240,-32.66,-32.66,0.0,4148.36,4153.43,4153.43,2026-06-10T14:55:00+00:00,2026-06-10T14:55:00+00:00,0.0,1.0,human_exited_before_threshold
92,XAUUSD,Sell,Control,,-26.03,-26.03,0.0,4163.25,4167.29,4167.29,2026-06-10T12:10:00+00:00,2026-06-10T12:10:00+00:00,0.0,1.0,actual_exit
92,XAUUSD,Sell,T60,60,-26.03,-26.03,0.0,4163.25,4167.29,4167.29,2026-06-10T12:10:00+00:00,2026-06-10T12:10:00+00:00,0.0,1.0,human_exited_before_threshold
92,XAUUSD,Sell,T120,120,-26.03,-26.03,0.0,4163.25,4167.29,4167.29,2026-06-10T12:10:00+00:00,2026-06-10T12:10:00+00:00,0.0,1.0,human_exited_before_threshold
92,XAUUSD,Sell,T180,180,-26.03,-26.03,0.0,4163.25,4167.29,4167.29,2026-06-10T12:10:00+00:00,2026-06-10T12:10:00+00:00,0.0,1.0,human_exited_before_threshold
92,XAUUSD,Sell,T240,240,-26.03,-26.03,0.0,4163.25,4167.29,4167.29,2026-06-10T12:10:00+00:00,2026-06-10T12:10:00+00:00,0.0,1.0,human_exited_before_threshold
93,XAUUSD,Sell,Control,,284.17,284.17,0.0,4179.09,4134.98,4134.98,2026-06-10T10:05:00+00:00,2026-06-10T15:45:00+00:00,340.0,1.0,actual_exit
93,XAUUSD,Sell,T60,60,284.17,-31.63170936295489,-315.8017093629549,4179.09,4134.98,4184.0,2026-06-10T10:05:00+00:00,2026-06-10T15:45:00+00:00,340.0,1.0,forced_exit
93,XAUUSD,Sell,T120,120,284.17,76.5977283619785,-207.5722716380215,4179.09,4134.98,4167.2001953125,2026-06-10T10:05:00+00:00,2026-06-10T15:45:00+00:00,340.0,1.0,forced_exit
93,XAUUSD,Sell,T180,180,284.17,12.174695036202886,-271.99530496379714,4179.09,4134.98,4177.2001953125,2026-06-10T10:05:00+00:00,2026-06-10T15:45:00+00:00,340.0,1.0,forced_exit
93,XAUUSD,Sell,T240,240,284.17,-112.805360484617,-396.975360484617,4179.09,4134.98,4196.60009765625,2026-06-10T10:05:00+00:00,2026-06-10T15:45:00+00:00,340.0,1.0,forced_exit
94,XAUUSD,Buy,Control,,-44.19,-44.19,0.0,4125.55,4118.69,4118.69,2026-06-10T17:40:00+00:00,2026-06-10T19:05:00+00:00,85.0,1.0,actual_exit
94,XAUUSD,Buy,T60,60,-44.19,17.071739192326095,61.26173919232609,4125.55,4118.69,4128.2001953125,2026-06-10T17:40:00+00:00,2026-06-10T19:05:00+00:00,85.0,1.0,forced_exit
94,XAUUSD,Buy,T120,120,-44.19,-44.19,0.0,4125.55,4118.69,4118.69,2026-06-10T17:40:00+00:00,2026-06-10T19:05:00+00:00,85.0,1.0,human_exited_before_threshold
94,XAUUSD,Buy,T180,180,-44.19,-44.19,0.0,4125.55,4118.69,4118.69,2026-06-10T17:40:00+00:00,2026-06-10T19:05:00+00:00,85.0,1.0,human_exited_before_threshold
94,XAUUSD,Buy,T240,240,-44.19,-44.19,0.0,4125.55,4118.69,4118.69,2026-06-10T17:40:00+00:00,2026-06-10T19:05:00+00:00,85.0,1.0,human_exited_before_threshold
95,XAUUSD,Buy,Control,,-33.76,-33.76,0.0,4118.96,4113.72,4113.72,2026-06-10T19:05:00+00:00,2026-06-10T19:10:00+00:00,5.0,1.0,actual_exit
95,XAUUSD,Buy,T60,60,-33.76,-33.76,0.0,4118.96,4113.72,4113.72,2026-06-10T19:05:00+00:00,2026-06-10T19:10:00+00:00,5.0,1.0,human_exited_before_threshold
95,XAUUSD,Buy,T120,120,-33.76,-33.76,0.0,4118.96,4113.72,4113.72,2026-06-10T19:05:00+00:00,2026-06-10T19:10:00+00:00,5.0,1.0,human_exited_before_threshold
95,XAUUSD,Buy,T180,180,-33.76,-33.76,0.0,4118.96,4113.72,4113.72,2026-06-10T19:05:00+00:00,2026-06-10T19:10:00+00:00,5.0,1.0,human_exited_before_threshold
95,XAUUSD,Buy,T240,240,-33.76,-33.76,0.0,4118.96,4113.72,4113.72,2026-06-10T19:05:00+00:00,2026-06-10T19:10:00+00:00,5.0,1.0,human_exited_before_threshold
97,XAUUSD,Sell,Control,,147.79,147.79,0.0,4133.92,4110.98,4110.98,2026-06-10T15:45:00+00:00,2026-06-10T19:10:00+00:00,205.0,1.0,actual_exit
97,XAUUSD,Sell,T60,60,147.79,-59.78727398580356,-207.57727398580354,4133.92,4110.98,4143.2001953125,2026-06-10T15:45:00+00:00,2026-06-10T19:10:00+00:00,205.0,1.0,forced_exit
97,XAUUSD,Sell,T120,120,147.79,-3.0917509757105566,-150.88175097571056,4133.92,4110.98,4134.39990234375,2026-06-10T15:45:00+00:00,2026-06-10T19:10:00+00:00,205.0,1.0,forced_exit
97,XAUUSD,Sell,T180,180,147.79,40.07083412230232,-107.71916587769766,4133.92,4110.98,4127.7001953125,2026-06-10T15:45:00+00:00,2026-06-10T19:10:00+00:00,205.0,1.0,forced_exit
97,XAUUSD,Sell,T240,240,147.79,147.79,0.0,4133.92,4110.98,4110.98,2026-06-10T15:45:00+00:00,2026-06-10T19:10:00+00:00,205.0,1.0,human_exited_before_threshold
99,XAUUSD,Sell,Control,,94.96,94.96,0.0,4127.74,4113.0,4113.0,2026-06-10T17:35:00+00:00,2026-06-10T19:10:00+00:00,95.0,1.0,actual_exit
99,XAUUSD,Sell,T60,60,94.96,-14.55967435549687,-109.51967435549686,4127.74,4113.0,4130.0,2026-06-10T17:35:00+00:00,2026-06-10T19:10:00+00:00,95.0,1.0,forced_exit
99,XAUUSD,Sell,T120,120,94.96,94.96,0.0,4127.74,4113.0,4113.0,2026-06-10T17:35:00+00:00,2026-06-10T19:10:00+00:00,95.0,1.0,human_exited_before_threshold
99,XAUUSD,Sell,T180,180,94.96,94.96,0.0,4127.74,4113.0,4113.0,2026-06-10T17:35:00+00:00,2026-06-10T19:10:00+00:00,95.0,1.0,human_exited_before_threshold
99,XAUUSD,Sell,T240,240,94.96,94.96,0.0,4127.74,4113.0,4113.0,2026-06-10T17:35:00+00:00,2026-06-10T19:10:00+00:00,95.0,1.0,human_exited_before_threshold
103,XAUUSD,Sell,Control,,-66.68,-66.68,0.0,4074.06,4084.45,4084.45,2026-06-11T00:00:00+00:00,2026-06-11T00:15:00+00:00,15.0,1.0,actual_exit
103,XAUUSD,Sell,T60,60,-66.68,-66.68,0.0,4074.06,4084.45,4084.45,2026-06-11T00:00:00+00:00,2026-06-11T00:15:00+00:00,15.0,1.0,human_exited_before_threshold
103,XAUUSD,Sell,T120,120,-66.68,-66.68,0.0,4074.06,4084.45,4084.45,2026-06-11T00:00:00+00:00,2026-06-11T00:15:00+00:00,15.0,1.0,human_exited_before_threshold
103,XAUUSD,Sell,T180,180,-66.68,-66.68,0.0,4074.06,4084.45,4084.45,2026-06-11T00:00:00+00:00,2026-06-11T00:15:00+00:00,15.0,1.0,human_exited_before_threshold
103,XAUUSD,Sell,T240,240,-66.68,-66.68,0.0,4074.06,4084.45,4084.45,2026-06-11T00:00:00+00:00,2026-06-11T00:15:00+00:00,15.0,1.0,human_exited_before_threshold
104,XAUUSD,Sell,Control,,-82.4,-82.4,0.0,4094.46,4107.3,4107.3,2026-06-11T00:15:00+00:00,2026-06-11T01:00:00+00:00,45.0,1.0,actual_exit
104,XAUUSD,Sell,T60,60,-82.4,-82.4,0.0,4094.46,4107.3,4107.3,2026-06-11T00:15:00+00:00,2026-06-11T01:00:00+00:00,45.0,1.0,human_exited_before_threshold
104,XAUUSD,Sell,T120,120,-82.4,-82.4,0.0,4094.46,4107.3,4107.3,2026-06-11T00:15:00+00:00,2026-06-11T01:00:00+00:00,45.0,1.0,human_exited_before_threshold
104,XAUUSD,Sell,T180,180,-82.4,-82.4,0.0,4094.46,4107.3,4107.3,2026-06-11T00:15:00+00:00,2026-06-11T01:00:00+00:00,45.0,1.0,human_exited_before_threshold
104,XAUUSD,Sell,T240,240,-82.4,-82.4,0.0,4094.46,4107.3,4107.3,2026-06-11T00:15:00+00:00,2026-06-11T01:00:00+00:00,45.0,1.0,human_exited_before_threshold
105,XAUUSD,Buy,Control,,-73.35,-73.35,0.0,4082.01,4070.58,4070.58,2026-06-11T00:00:00+00:00,2026-06-11T00:00:00+00:00,0.0,0.5,actual_exit
105,XAUUSD,Buy,T60,60,-73.35,-73.35,0.0,4082.01,4070.58,4070.58,2026-06-11T00:00:00+00:00,2026-06-11T00:00:00+00:00,0.0,0.5,human_exited_before_threshold
105,XAUUSD,Buy,T120,120,-73.35,-73.35,0.0,4082.01,4070.58,4070.58,2026-06-11T00:00:00+00:00,2026-06-11T00:00:00+00:00,0.0,0.5,human_exited_before_threshold
105,XAUUSD,Buy,T180,180,-73.35,-73.35,0.0,4082.01,4070.58,4070.58,2026-06-11T00:00:00+00:00,2026-06-11T00:00:00+00:00,0.0,0.5,human_exited_before_threshold
105,XAUUSD,Buy,T240,240,-73.35,-73.35,0.0,4082.01,4070.58,4070.58,2026-06-11T00:00:00+00:00,2026-06-11T00:00:00+00:00,0.0,0.5,human_exited_before_threshold
109,XAUUSD,Sell,Control,,-59.43,-59.43,0.0,4083.1,4092.36,4092.36,2026-06-11T00:15:00+00:00,2026-06-11T00:15:00+00:00,0.0,1.0,actual_exit
109,XAUUSD,Sell,T60,60,-59.43,-59.43,0.0,4083.1,4092.36,4092.36,2026-06-11T00:15:00+00:00,2026-06-11T00:15:00+00:00,0.0,1.0,human_exited_before_threshold
109,XAUUSD,Sell,T120,120,-59.43,-59.43,0.0,4083.1,4092.36,4092.36,2026-06-11T00:15:00+00:00,2026-06-11T00:15:00+00:00,0.0,1.0,human_exited_before_threshold
109,XAUUSD,Sell,T180,180,-59.43,-59.43,0.0,4083.1,4092.36,4092.36,2026-06-11T00:15:00+00:00,2026-06-11T00:15:00+00:00,0.0,1.0,human_exited_before_threshold
109,XAUUSD,Sell,T240,240,-59.43,-59.43,0.0,4083.1,4092.36,4092.36,2026-06-11T00:15:00+00:00,2026-06-11T00:15:00+00:00,0.0,1.0,human_exited_before_threshold
110,XAUUSD,Buy,Control,,-49.74,-49.74,0.0,4093.32,4085.57,4085.57,2026-06-11T00:15:00+00:00,2026-06-11T00:15:00+00:00,0.0,1.0,actual_exit
110,XAUUSD,Buy,T60,60,-49.74,-49.74,0.0,4093.32,4085.57,4085.57,2026-06-11T00:15:00+00:00,2026-06-11T00:15:00+00:00,0.0,1.0,human_exited_before_threshold
110,XAUUSD,Buy,T120,120,-49.74,-49.74,0.0,4093.32,4085.57,4085.57,2026-06-11T00:15:00+00:00,2026-06-11T00:15:00+00:00,0.0,1.0,human_exited_before_threshold
110,XAUUSD,Buy,T180,180,-49.74,-49.74,0.0,4093.32,4085.57,4085.57,2026-06-11T00:15:00+00:00,2026-06-11T00:15:00+00:00,0.0,1.0,human_exited_before_threshold
110,XAUUSD,Buy,T240,240,-49.74,-49.74,0.0,4093.32,4085.57,4085.57,2026-06-11T00:15:00+00:00,2026-06-11T00:15:00+00:00,0.0,1.0,human_exited_before_threshold
111,XAUUSD,Sell,Control,,-75.6,-75.6,0.0,4084.53,4096.31,4096.31,2026-06-11T00:15:00+00:00,2026-06-11T00:30:00+00:00,15.0,1.0,actual_exit
111,XAUUSD,Sell,T60,60,-75.6,-75.6,0.0,4084.53,4096.31,4096.31,2026-06-11T00:15:00+00:00,2026-06-11T00:30:00+00:00,15.0,1.0,human_exited_before_threshold
111,XAUUSD,Sell,T120,120,-75.6,-75.6,0.0,4084.53,4096.31,4096.31,2026-06-11T00:15:00+00:00,2026-06-11T00:30:00+00:00,15.0,1.0,human_exited_before_threshold
111,XAUUSD,Sell,T180,180,-75.6,-75.6,0.0,4084.53,4096.31,4096.31,2026-06-11T00:15:00+00:00,2026-06-11T00:30:00+00:00,15.0,1.0,human_exited_before_threshold
111,XAUUSD,Sell,T240,240,-75.6,-75.6,0.0,4084.53,4096.31,4096.31,2026-06-11T00:15:00+00:00,2026-06-11T00:30:00+00:00,15.0,1.0,human_exited_before_threshold
113,XAUUSD,Sell,Control,,-47.88,-47.88,0.0,4149.92,4157.38,4157.38,2026-06-11T17:30:00+00:00,2026-06-11T17:30:00+00:00,0.0,1.0,actual_exit
113,XAUUSD,Sell,T60,60,-47.88,-47.88,0.0,4149.92,4157.38,4157.38,2026-06-11T17:30:00+00:00,2026-06-11T17:30:00+00:00,0.0,1.0,human_exited_before_threshold
113,XAUUSD,Sell,T120,120,-47.88,-47.88,0.0,4149.92,4157.38,4157.38,2026-06-11T17:30:00+00:00,2026-06-11T17:30:00+00:00,0.0,1.0,human_exited_before_threshold
113,XAUUSD,Sell,T180,180,-47.88,-47.88,0.0,4149.92,4157.38,4157.38,2026-06-11T17:30:00+00:00,2026-06-11T17:30:00+00:00,0.0,1.0,human_exited_before_threshold
113,XAUUSD,Sell,T240,240,-47.88,-47.88,0.0,4149.92,4157.38,4157.38,2026-06-11T17:30:00+00:00,2026-06-11T17:30:00+00:00,0.0,1.0,human_exited_before_threshold
114,XAUUSD,Buy,Control,,-84.63,-84.63,0.0,4206.87,4193.69,4193.69,2026-06-12T01:00:00+00:00,2026-06-12T01:35:00+00:00,35.0,1.0,actual_exit
114,XAUUSD,Buy,T60,60,-84.63,-84.63,0.0,4206.87,4193.69,4193.69,2026-06-12T01:00:00+00:00,2026-06-12T01:35:00+00:00,35.0,1.0,human_exited_before_threshold
114,XAUUSD,Buy,T120,120,-84.63,-84.63,0.0,4206.87,4193.69,4193.69,2026-06-12T01:00:00+00:00,2026-06-12T01:35:00+00:00,35.0,1.0,human_exited_before_threshold
114,XAUUSD,Buy,T180,180,-84.63,-84.63,0.0,4206.87,4193.69,4193.69,2026-06-12T01:00:00+00:00,2026-06-12T01:35:00+00:00,35.0,1.0,human_exited_before_threshold
114,XAUUSD,Buy,T240,240,-84.63,-84.63,0.0,4206.87,4193.69,4193.69,2026-06-12T01:00:00+00:00,2026-06-12T01:35:00+00:00,35.0,1.0,human_exited_before_threshold
126,XAUUSD,Sell,Control,,-44.56,-44.56,0.0,4227.6,4234.54,4234.54,2026-06-12T00:40:00+00:00,2026-06-12T00:40:00+00:00,0.0,1.0,actual_exit
126,XAUUSD,Sell,T60,60,-44.56,-44.56,0.0,4227.6,4234.54,4234.54,2026-06-12T00:40:00+00:00,2026-06-12T00:40:00+00:00,0.0,1.0,human_exited_before_threshold
126,XAUUSD,Sell,T120,120,-44.56,-44.56,0.0,4227.6,4234.54,4234.54,2026-06-12T00:40:00+00:00,2026-06-12T00:40:00+00:00,0.0,1.0,human_exited_before_threshold
126,XAUUSD,Sell,T180,180,-44.56,-44.56,0.0,4227.6,4234.54,4234.54,2026-06-12T00:40:00+00:00,2026-06-12T00:40:00+00:00,0.0,1.0,human_exited_before_threshold
126,XAUUSD,Sell,T240,240,-44.56,-44.56,0.0,4227.6,4234.54,4234.54,2026-06-12T00:40:00+00:00,2026-06-12T00:40:00+00:00,0.0,1.0,human_exited_before_threshold
131,XAUUSD,Buy,Control,,118.8,118.8,0.0,4310.47,4329.0,4329.0,2026-06-15T01:00:00+00:00,2026-06-15T01:30:00+00:00,30.0,1.0,actual_exit
131,XAUUSD,Buy,T60,60,118.8,118.8,0.0,4310.47,4329.0,4329.0,2026-06-15T01:00:00+00:00,2026-06-15T01:30:00+00:00,30.0,1.0,human_exited_before_threshold
131,XAUUSD,Buy,T120,120,118.8,118.8,0.0,4310.47,4329.0,4329.0,2026-06-15T01:00:00+00:00,2026-06-15T01:30:00+00:00,30.0,1.0,human_exited_before_threshold
131,XAUUSD,Buy,T180,180,118.8,118.8,0.0,4310.47,4329.0,4329.0,2026-06-15T01:00:00+00:00,2026-06-15T01:30:00+00:00,30.0,1.0,human_exited_before_threshold
131,XAUUSD,Buy,T240,240,118.8,118.8,0.0,4310.47,4329.0,4329.0,2026-06-15T01:00:00+00:00,2026-06-15T01:30:00+00:00,30.0,1.0,human_exited_before_threshold
133,XAUUSD,Sell,Control,,-40.01,-40.01,0.0,4338.14,4344.38,4344.38,2026-06-15T01:40:00+00:00,2026-06-15T02:00:00+00:00,20.0,1.0,actual_exit
133,XAUUSD,Sell,T60,60,-40.01,-40.01,0.0,4338.14,4344.38,4344.38,2026-06-15T01:40:00+00:00,2026-06-15T02:00:00+00:00,20.0,1.0,human_exited_before_threshold
133,XAUUSD,Sell,T120,120,-40.01,-40.01,0.0,4338.14,4344.38,4344.38,2026-06-15T01:40:00+00:00,2026-06-15T02:00:00+00:00,20.0,1.0,human_exited_before_threshold
133,XAUUSD,Sell,T180,180,-40.01,-40.01,0.0,4338.14,4344.38,4344.38,2026-06-15T01:40:00+00:00,2026-06-15T02:00:00+00:00,20.0,1.0,human_exited_before_threshold
133,XAUUSD,Sell,T240,240,-40.01,-40.01,0.0,4338.14,4344.38,4344.38,2026-06-15T01:40:00+00:00,2026-06-15T02:00:00+00:00,20.0,1.0,human_exited_before_threshold
134,XAUUSD,Sell,Control,,-32.38,-32.38,0.0,4347.31,4352.36,4352.36,2026-06-15T02:10:00+00:00,2026-06-15T02:30:00+00:00,20.0,1.0,actual_exit
134,XAUUSD,Sell,T60,60,-32.38,-32.38,0.0,4347.31,4352.36,4352.36,2026-06-15T02:10:00+00:00,2026-06-15T02:30:00+00:00,20.0,1.0,human_exited_before_threshold
134,XAUUSD,Sell,T120,120,-32.38,-32.38,0.0,4347.31,4352.36,4352.36,2026-06-15T02:10:00+00:00,2026-06-15T02:30:00+00:00,20.0,1.0,human_exited_before_threshold
134,XAUUSD,Sell,T180,180,-32.38,-32.38,0.0,4347.31,4352.36,4352.36,2026-06-15T02:10:00+00:00,2026-06-15T02:30:00+00:00,20.0,1.0,human_exited_before_threshold
134,XAUUSD,Sell,T240,240,-32.38,-32.38,0.0,4347.31,4352.36,4352.36,2026-06-15T02:10:00+00:00,2026-06-15T02:30:00+00:00,20.0,1.0,human_exited_before_threshold
136,XAUUSD,Buy,Control,,60.59,60.59,0.0,4358.52,4367.97,4367.97,2026-06-15T08:30:00+00:00,2026-06-15T11:30:00+00:00,180.0,1.0,actual_exit
136,XAUUSD,Buy,T60,60,60.59,-12.309723069612826,-72.89972306961283,4358.52,4367.97,4356.60009765625,2026-06-15T08:30:00+00:00,2026-06-15T11:30:00+00:00,180.0,1.0,forced_exit
136,XAUUSD,Buy,T120,120,60.59,10.13101767112835,-50.458982328871656,4358.52,4367.97,4360.10009765625,2026-06-15T08:30:00+00:00,2026-06-15T11:30:00+00:00,180.0,1.0,forced_exit
136,XAUUSD,Buy,T180,180,60.59,60.59,0.0,4358.52,4367.97,4367.97,2026-06-15T08:30:00+00:00,2026-06-15T11:30:00+00:00,180.0,1.0,human_exited_before_threshold
136,XAUUSD,Buy,T240,240,60.59,60.59,0.0,4358.52,4367.97,4367.97,2026-06-15T08:30:00+00:00,2026-06-15T11:30:00+00:00,180.0,1.0,human_exited_before_threshold
142,XAUUSD,Buy,Control,,-61.92,-61.92,0.0,4342.26,4332.6,4332.6,2026-06-16T01:00:00+00:00,2026-06-16T02:00:00+00:00,60.0,1.0,actual_exit
142,XAUUSD,Buy,T60,60,-61.92,-61.92,0.0,4342.26,4332.6,4332.6,2026-06-16T01:00:00+00:00,2026-06-16T02:00:00+00:00,60.0,1.0,human_exited_before_threshold
142,XAUUSD,Buy,T120,120,-61.92,-61.92,0.0,4342.26,4332.6,4332.6,2026-06-16T01:00:00+00:00,2026-06-16T02:00:00+00:00,60.0,1.0,human_exited_before_threshold
142,XAUUSD,Buy,T180,180,-61.92,-61.92,0.0,4342.26,4332.6,4332.6,2026-06-16T01:00:00+00:00,2026-06-16T02:00:00+00:00,60.0,1.0,human_exited_before_threshold
142,XAUUSD,Buy,T240,240,-61.92,-61.92,0.0,4342.26,4332.6,4332.6,2026-06-16T01:00:00+00:00,2026-06-16T02:00:00+00:00,60.0,1.0,human_exited_before_threshold
146,XAUUSD,Buy,Control,,-55.13,-55.13,0.0,4335.21,4326.61,4326.61,2026-06-16T00:00:00+00:00,2026-06-16T00:20:00+00:00,20.0,0.5,actual_exit
146,XAUUSD,Buy,T60,60,-55.13,-55.13,0.0,4335.21,4326.61,4326.61,2026-06-16T00:00:00+00:00,2026-06-16T00:20:00+00:00,20.0,0.5,human_exited_before_threshold
146,XAUUSD,Buy,T120,120,-55.13,-55.13,0.0,4335.21,4326.61,4326.61,2026-06-16T00:00:00+00:00,2026-06-16T00:20:00+00:00,20.0,0.5,human_exited_before_threshold
146,XAUUSD,Buy,T180,180,-55.13,-55.13,0.0,4335.21,4326.61,4326.61,2026-06-16T00:00:00+00:00,2026-06-16T00:20:00+00:00,20.0,0.5,human_exited_before_threshold
146,XAUUSD,Buy,T240,240,-55.13,-55.13,0.0,4335.21,4326.61,4326.61,2026-06-16T00:00:00+00:00,2026-06-16T00:20:00+00:00,20.0,0.5,human_exited_before_threshold
147,XAUUSD,Buy,Control,,-36.12,-36.12,0.0,4336.05,4330.44,4330.44,2026-06-17T08:45:00+00:00,2026-06-17T18:05:00+00:00,560.0,1.0,actual_exit
147,XAUUSD,Buy,T60,60,-36.12,69.21264622325367,105.33264622325368,4336.05,4330.44,4346.7998046875,2026-06-17T08:45:00+00:00,2026-06-17T18:05:00+00:00,560.0,1.0,forced_exit
147,XAUUSD,Buy,T120,120,-36.12,103.98307570185969,140.1030757018597,4336.05,4330.44,4352.2001953125,2026-06-17T08:45:00+00:00,2026-06-17T18:05:00+00:00,560.0,1.0,forced_exit
147,XAUUSD,Buy,T180,180,-36.12,53.116389538763364,89.23638953876336,4336.05,4330.44,4344.2998046875,2026-06-17T08:45:00+00:00,2026-06-17T18:05:00+00:00,560.0,1.0,forced_exit
147,XAUUSD,Buy,T240,240,-36.12,109.77709934824945,145.89709934824944,4336.05,4330.44,4353.10009765625,2026-06-17T08:45:00+00:00,2026-06-17T18:05:00+00:00,560.0,1.0,forced_exit
148,XAUUSD,Buy,Control,,-42.88,-42.88,0.0,4333.35,4326.69,4326.69,2026-06-17T18:05:00+00:00,2026-06-17T18:05:00+00:00,0.0,1.0,actual_exit
148,XAUUSD,Buy,T60,60,-42.88,-42.88,0.0,4333.35,4326.69,4326.69,2026-06-17T18:05:00+00:00,2026-06-17T18:05:00+00:00,0.0,1.0,human_exited_before_threshold
148,XAUUSD,Buy,T120,120,-42.88,-42.88,0.0,4333.35,4326.69,4326.69,2026-06-17T18:05:00+00:00,2026-06-17T18:05:00+00:00,0.0,1.0,human_exited_before_threshold
148,XAUUSD,Buy,T180,180,-42.88,-42.88,0.0,4333.35,4326.69,4326.69,2026-06-17T18:05:00+00:00,2026-06-17T18:05:00+00:00,0.0,1.0,human_exited_before_threshold
148,XAUUSD,Buy,T240,240,-42.88,-42.88,0.0,4333.35,4326.69,4326.69,2026-06-17T18:05:00+00:00,2026-06-17T18:05:00+00:00,0.0,1.0,human_exited_before_threshold
149,XAUUSD,Sell,Control,,-45.33,-45.33,0.0,4326.27,4333.31,4333.31,2026-06-17T18:05:00+00:00,2026-06-17T18:05:00+00:00,0.0,1.0,actual_exit
149,XAUUSD,Sell,T60,60,-45.33,-45.33,0.0,4326.27,4333.31,4333.31,2026-06-17T18:05:00+00:00,2026-06-17T18:05:00+00:00,0.0,1.0,human_exited_before_threshold
149,XAUUSD,Sell,T120,120,-45.33,-45.33,0.0,4326.27,4333.31,4333.31,2026-06-17T18:05:00+00:00,2026-06-17T18:05:00+00:00,0.0,1.0,human_exited_before_threshold
149,XAUUSD,Sell,T180,180,-45.33,-45.33,0.0,4326.27,4333.31,4333.31,2026-06-17T18:05:00+00:00,2026-06-17T18:05:00+00:00,0.0,1.0,human_exited_before_threshold
149,XAUUSD,Sell,T240,240,-45.33,-45.33,0.0,4326.27,4333.31,4333.31,2026-06-17T18:05:00+00:00,2026-06-17T18:05:00+00:00,0.0,1.0,human_exited_before_threshold
152,XAUUSD,Sell,Control,,13.39,13.39,0.0,4328.54,4326.46,4326.46,2026-06-17T18:05:00+00:00,2026-06-17T18:05:00+00:00,0.0,1.0,actual_exit
152,XAUUSD,Sell,T60,60,13.39,13.39,0.0,4328.54,4326.46,4326.46,2026-06-17T18:05:00+00:00,2026-06-17T18:05:00+00:00,0.0,1.0,human_exited_before_threshold
152,XAUUSD,Sell,T120,120,13.39,13.39,0.0,4328.54,4326.46,4326.46,2026-06-17T18:05:00+00:00,2026-06-17T18:05:00+00:00,0.0,1.0,human_exited_before_threshold
152,XAUUSD,Sell,T180,180,13.39,13.39,0.0,4328.54,4326.46,4326.46,2026-06-17T18:05:00+00:00,2026-06-17T18:05:00+00:00,0.0,1.0,human_exited_before_threshold
152,XAUUSD,Sell,T240,240,13.39,13.39,0.0,4328.54,4326.46,4326.46,2026-06-17T18:05:00+00:00,2026-06-17T18:05:00+00:00,0.0,1.0,human_exited_before_threshold
154,XAUUSD,Buy,Control,,-54.85,-54.85,0.0,4326.88,4318.36,4318.36,2026-06-17T18:05:00+00:00,2026-06-17T18:05:00+00:00,0.0,1.0,actual_exit
154,XAUUSD,Buy,T60,60,-54.85,-54.85,0.0,4326.88,4318.36,4318.36,2026-06-17T18:05:00+00:00,2026-06-17T18:05:00+00:00,0.0,1.0,human_exited_before_threshold
154,XAUUSD,Buy,T120,120,-54.85,-54.85,0.0,4326.88,4318.36,4318.36,2026-06-17T18:05:00+00:00,2026-06-17T18:05:00+00:00,0.0,1.0,human_exited_before_threshold
154,XAUUSD,Buy,T180,180,-54.85,-54.85,0.0,4326.88,4318.36,4318.36,2026-06-17T18:05:00+00:00,2026-06-17T18:05:00+00:00,0.0,1.0,human_exited_before_threshold
154,XAUUSD,Buy,T240,240,-54.85,-54.85,0.0,4326.88,4318.36,4318.36,2026-06-17T18:05:00+00:00,2026-06-17T18:05:00+00:00,0.0,1.0,human_exited_before_threshold
155,XAUUSD,Sell,Control,,-38.05,-38.05,0.0,4323.62,4329.53,4329.53,2026-06-17T18:05:00+00:00,2026-06-17T18:05:00+00:00,0.0,1.0,actual_exit
155,XAUUSD,Sell,T60,60,-38.05,-38.05,0.0,4323.62,4329.53,4329.53,2026-06-17T18:05:00+00:00,2026-06-17T18:05:00+00:00,0.0,1.0,human_exited_before_threshold
155,XAUUSD,Sell,T120,120,-38.05,-38.05,0.0,4323.62,4329.53,4329.53,2026-06-17T18:05:00+00:00,2026-06-17T18:05:00+00:00,0.0,1.0,human_exited_before_threshold
155,XAUUSD,Sell,T180,180,-38.05,-38.05,0.0,4323.62,4329.53,4329.53,2026-06-17T18:05:00+00:00,2026-06-17T18:05:00+00:00,0.0,1.0,human_exited_before_threshold
155,XAUUSD,Sell,T240,240,-38.05,-38.05,0.0,4323.62,4329.53,4329.53,2026-06-17T18:05:00+00:00,2026-06-17T18:05:00+00:00,0.0,1.0,human_exited_before_threshold
157,XAUUSD,Buy,Control,,94.77,94.77,0.0,4323.31,4338.03,4338.03,2026-06-17T18:05:00+00:00,2026-06-17T18:05:00+00:00,0.0,1.0,actual_exit
157,XAUUSD,Buy,T60,60,94.77,94.77,0.0,4323.31,4338.03,4338.03,2026-06-17T18:05:00+00:00,2026-06-17T18:05:00+00:00,0.0,1.0,human_exited_before_threshold
157,XAUUSD,Buy,T120,120,94.77,94.77,0.0,4323.31,4338.03,4338.03,2026-06-17T18:05:00+00:00,2026-06-17T18:05:00+00:00,0.0,1.0,human_exited_before_threshold
157,XAUUSD,Buy,T180,180,94.77,94.77,0.0,4323.31,4338.03,4338.03,2026-06-17T18:05:00+00:00,2026-06-17T18:05:00+00:00,0.0,1.0,human_exited_before_threshold
157,XAUUSD,Buy,T240,240,94.77,94.77,0.0,4323.31,4338.03,4338.03,2026-06-17T18:05:00+00:00,2026-06-17T18:05:00+00:00,0.0,1.0,human_exited_before_threshold
158,XAUUSD,Buy,Control,,53.89,53.89,0.0,4336.64,4345.01,4345.01,2026-06-17T08:45:00+00:00,2026-06-17T09:10:00+00:00,25.0,1.0,actual_exit
158,XAUUSD,Buy,T60,60,53.89,53.89,0.0,4336.64,4345.01,4345.01,2026-06-17T08:45:00+00:00,2026-06-17T09:10:00+00:00,25.0,1.0,human_exited_before_threshold
158,XAUUSD,Buy,T120,120,53.89,53.89,0.0,4336.64,4345.01,4345.01,2026-06-17T08:45:00+00:00,2026-06-17T09:10:00+00:00,25.0,1.0,human_exited_before_threshold
158,XAUUSD,Buy,T180,180,53.89,53.89,0.0,4336.64,4345.01,4345.01,2026-06-17T08:45:00+00:00,2026-06-17T09:10:00+00:00,25.0,1.0,human_exited_before_threshold
158,XAUUSD,Buy,T240,240,53.89,53.89,0.0,4336.64,4345.01,4345.01,2026-06-17T08:45:00+00:00,2026-06-17T09:10:00+00:00,25.0,1.0,human_exited_before_threshold
159,XAUUSD,Buy,Control,,-54.92,-54.92,0.0,4352.09,4343.56,4343.56,2026-06-17T00:00:00+00:00,2026-06-17T04:25:00+00:00,265.0,1.0,actual_exit
159,XAUUSD,Buy,T60,60,-54.92,63.80506447831281,118.72506447831282,4352.09,4343.56,4362.0,2026-06-17T00:00:00+00:00,2026-06-17T04:25:00+00:00,265.0,1.0,forced_exit
159,XAUUSD,Buy,T120,120,-54.92,57.36661195779679,112.2866119577968,4352.09,4343.56,4361.0,2026-06-17T00:00:00+00:00,2026-06-17T04:25:00+00:00,265.0,1.0,forced_exit
159,XAUUSD,Buy,T180,180,-54.92,-3.1542129799248295,51.76578702007517,4352.09,4343.56,4351.60009765625,2026-06-17T00:00:00+00:00,2026-06-17T04:25:00+00:00,265.0,1.0,forced_exit
159,XAUUSD,Buy,T240,240,-54.92,-17.96454004249854,36.95545995750146,4352.09,4343.56,4349.2998046875,2026-06-17T00:00:00+00:00,2026-06-17T04:25:00+00:00,265.0,1.0,forced_exit
160,XAUUSD,Buy,Control,,106.23,106.23,0.0,4348.0,4364.5,4364.5,2026-06-17T04:20:00+00:00,2026-06-17T13:45:00+00:00,565.0,1.0,actual_exit
160,XAUUSD,Buy,T60,60,106.23,-21.889189453125002,-128.11918945312502,4348.0,4364.5,4344.60009765625,2026-06-17T04:20:00+00:00,2026-06-17T13:45:00+00:00,565.0,1.0,forced_exit
160,XAUUSD,Buy,T120,120,106.23,-28.32737127130682,-134.55737127130683,4348.0,4364.5,4343.60009765625,2026-06-17T04:20:00+00:00,2026-06-17T13:45:00+00:00,565.0,1.0,forced_exit
160,XAUUSD,Buy,T180,180,106.23,2.5746439985795457,-103.65535600142046,4348.0,4364.5,4348.39990234375,2026-06-17T04:20:00+00:00,2026-06-17T13:45:00+00:00,565.0,1.0,forced_exit
160,XAUUSD,Buy,T240,240,106.23,-28.32737127130682,-134.55737127130683,4348.0,4364.5,4343.60009765625,2026-06-17T04:20:00+00:00,2026-06-17T13:45:00+00:00,565.0,1.0,forced_exit
162,XAUUSD,Buy,Control,,-74.86,-74.86,0.0,4242.25,4236.45,4236.45,2026-06-18T15:50:00+00:00,2026-06-18T16:35:00+00:00,45.0,1.0,actual_exit
162,XAUUSD,Buy,T60,60,-74.86,-74.86,0.0,4242.25,4236.45,4236.45,2026-06-18T15:50:00+00:00,2026-06-18T16:35:00+00:00,45.0,1.0,human_exited_before_threshold
162,XAUUSD,Buy,T120,120,-74.86,-74.86,0.0,4242.25,4236.45,4236.45,2026-06-18T15:50:00+00:00,2026-06-18T16:35:00+00:00,45.0,1.0,human_exited_before_threshold
162,XAUUSD,Buy,T180,180,-74.86,-74.86,0.0,4242.25,4236.45,4236.45,2026-06-18T15:50:00+00:00,2026-06-18T16:35:00+00:00,45.0,1.0,human_exited_before_threshold
162,XAUUSD,Buy,T240,240,-74.86,-74.86,0.0,4242.25,4236.45,4236.45,2026-06-18T15:50:00+00:00,2026-06-18T16:35:00+00:00,45.0,1.0,human_exited_before_threshold
168,XAUUSD,Buy,Control,,-54.18,-54.18,0.0,4180.41,4172.02,4172.02,2026-06-19T03:30:00+00:00,2026-06-19T03:55:00+00:00,25.0,1.0,actual_exit
168,XAUUSD,Buy,T60,60,-54.18,-54.18,0.0,4180.41,4172.02,4172.02,2026-06-19T03:30:00+00:00,2026-06-19T03:55:00+00:00,25.0,1.0,human_exited_before_threshold
168,XAUUSD,Buy,T120,120,-54.18,-54.18,0.0,4180.41,4172.02,4172.02,2026-06-19T03:30:00+00:00,2026-06-19T03:55:00+00:00,25.0,1.0,human_exited_before_threshold
168,XAUUSD,Buy,T180,180,-54.18,-54.18,0.0,4180.41,4172.02,4172.02,2026-06-19T03:30:00+00:00,2026-06-19T03:55:00+00:00,25.0,1.0,human_exited_before_threshold
168,XAUUSD,Buy,T240,240,-54.18,-54.18,0.0,4180.41,4172.02,4172.02,2026-06-19T03:30:00+00:00,2026-06-19T03:55:00+00:00,25.0,1.0,human_exited_before_threshold
169,XAUUSD,Sell,Control,,101.91,101.91,0.0,4179.88,4171.99,4171.99,2026-06-19T03:30:00+00:00,2026-06-19T03:55:00+00:00,25.0,1.0,actual_exit
169,XAUUSD,Sell,T60,60,101.91,101.91,0.0,4179.88,4171.99,4171.99,2026-06-19T03:30:00+00:00,2026-06-19T03:55:00+00:00,25.0,1.0,human_exited_before_threshold
169,XAUUSD,Sell,T120,120,101.91,101.91,0.0,4179.88,4171.99,4171.99,2026-06-19T03:30:00+00:00,2026-06-19T03:55:00+00:00,25.0,1.0,human_exited_before_threshold
169,XAUUSD,Sell,T180,180,101.91,101.91,0.0,4179.88,4171.99,4171.99,2026-06-19T03:30:00+00:00,2026-06-19T03:55:00+00:00,25.0,1.0,human_exited_before_threshold
169,XAUUSD,Sell,T240,240,101.91,101.91,0.0,4179.88,4171.99,4171.99,2026-06-19T03:30:00+00:00,2026-06-19T03:55:00+00:00,25.0,1.0,human_exited_before_threshold
170,XAUUSD,Buy,Control,,-40.69,-40.69,0.0,4171.81,4165.51,4165.51,2026-06-19T03:55:00+00:00,2026-06-19T03:55:00+00:00,0.0,1.0,actual_exit
170,XAUUSD,Buy,T60,60,-40.69,-40.69,0.0,4171.81,4165.51,4165.51,2026-06-19T03:55:00+00:00,2026-06-19T03:55:00+00:00,0.0,1.0,human_exited_before_threshold
170,XAUUSD,Buy,T120,120,-40.69,-40.69,0.0,4171.81,4165.51,4165.51,2026-06-19T03:55:00+00:00,2026-06-19T03:55:00+00:00,0.0,1.0,human_exited_before_threshold
170,XAUUSD,Buy,T180,180,-40.69,-40.69,0.0,4171.81,4165.51,4165.51,2026-06-19T03:55:00+00:00,2026-06-19T03:55:00+00:00,0.0,1.0,human_exited_before_threshold
170,XAUUSD,Buy,T240,240,-40.69,-40.69,0.0,4171.81,4165.51,4165.51,2026-06-19T03:55:00+00:00,2026-06-19T03:55:00+00:00,0.0,1.0,human_exited_before_threshold
173,XAUUSD,Buy,Control,,296.25,296.25,0.0,4175.11,4198.02,4198.02,2026-06-22T00:10:00+00:00,2026-06-22T00:45:00+00:00,35.0,1.0,actual_exit
173,XAUUSD,Buy,T60,60,296.25,296.25,0.0,4175.11,4198.02,4198.02,2026-06-22T00:10:00+00:00,2026-06-22T00:45:00+00:00,35.0,1.0,human_exited_before_threshold
173,XAUUSD,Buy,T120,120,296.25,296.25,0.0,4175.11,4198.02,4198.02,2026-06-22T00:10:00+00:00,2026-06-22T00:45:00+00:00,35.0,1.0,human_exited_before_threshold
173,XAUUSD,Buy,T180,180,296.25,296.25,0.0,4175.11,4198.02,4198.02,2026-06-22T00:10:00+00:00,2026-06-22T00:45:00+00:00,35.0,1.0,human_exited_before_threshold
173,XAUUSD,Buy,T240,240,296.25,296.25,0.0,4175.11,4198.02,4198.02,2026-06-22T00:10:00+00:00,2026-06-22T00:45:00+00:00,35.0,1.0,human_exited_before_threshold
174,XAUUSD,Sell,Control,,-135.13,-135.13,0.0,4196.11,4206.56,4206.56,2026-06-22T00:45:00+00:00,2026-06-22T00:50:00+00:00,5.0,1.0,actual_exit
174,XAUUSD,Sell,T60,60,-135.13,-135.13,0.0,4196.11,4206.56,4206.56,2026-06-22T00:45:00+00:00,2026-06-22T00:50:00+00:00,5.0,1.0,human_exited_before_threshold
174,XAUUSD,Sell,T120,120,-135.13,-135.13,0.0,4196.11,4206.56,4206.56,2026-06-22T00:45:00+00:00,2026-06-22T00:50:00+00:00,5.0,1.0,human_exited_before_threshold
174,XAUUSD,Sell,T180,180,-135.13,-135.13,0.0,4196.11,4206.56,4206.56,2026-06-22T00:45:00+00:00,2026-06-22T00:50:00+00:00,5.0,1.0,human_exited_before_threshold
174,XAUUSD,Sell,T240,240,-135.13,-135.13,0.0,4196.11,4206.56,4206.56,2026-06-22T00:45:00+00:00,2026-06-22T00:50:00+00:00,5.0,1.0,human_exited_before_threshold
175,XAUUSD,Sell,Control,,-88.71,-88.71,0.0,4189.54,4196.4,4196.4,2026-06-22T00:35:00+00:00,2026-06-22T00:45:00+00:00,10.0,1.0,actual_exit
175,XAUUSD,Sell,T60,60,-88.71,-88.71,0.0,4189.54,4196.4,4196.4,2026-06-22T00:35:00+00:00,2026-06-22T00:45:00+00:00,10.0,1.0,human_exited_before_threshold
175,XAUUSD,Sell,T120,120,-88.71,-88.71,0.0,4189.54,4196.4,4196.4,2026-06-22T00:35:00+00:00,2026-06-22T00:45:00+00:00,10.0,1.0,human_exited_before_threshold
175,XAUUSD,Sell,T180,180,-88.71,-88.71,0.0,4189.54,4196.4,4196.4,2026-06-22T00:35:00+00:00,2026-06-22T00:45:00+00:00,10.0,1.0,human_exited_before_threshold
175,XAUUSD,Sell,T240,240,-88.71,-88.71,0.0,4189.54,4196.4,4196.4,2026-06-22T00:35:00+00:00,2026-06-22T00:45:00+00:00,10.0,1.0,human_exited_before_threshold
176,XAUUSD,Buy,Control,,-54.05,-54.05,0.0,4189.96,4181.6,4181.6,2026-06-22T00:35:00+00:00,2026-06-22T00:45:00+00:00,10.0,1.0,actual_exit
176,XAUUSD,Buy,T60,60,-54.05,-54.05,0.0,4189.96,4181.6,4181.6,2026-06-22T00:35:00+00:00,2026-06-22T00:45:00+00:00,10.0,1.0,human_exited_before_threshold
176,XAUUSD,Buy,T120,120,-54.05,-54.05,0.0,4189.96,4181.6,4181.6,2026-06-22T00:35:00+00:00,2026-06-22T00:45:00+00:00,10.0,1.0,human_exited_before_threshold
176,XAUUSD,Buy,T180,180,-54.05,-54.05,0.0,4189.96,4181.6,4181.6,2026-06-22T00:35:00+00:00,2026-06-22T00:45:00+00:00,10.0,1.0,human_exited_before_threshold
176,XAUUSD,Buy,T240,240,-54.05,-54.05,0.0,4189.96,4181.6,4181.6,2026-06-22T00:35:00+00:00,2026-06-22T00:45:00+00:00,10.0,1.0,human_exited_before_threshold
177,XAUUSD,Sell,Control,,-36.79,-36.79,0.0,4181.04,4186.73,4186.73,2026-06-22T00:15:00+00:00,2026-06-22T00:15:00+00:00,0.0,1.0,actual_exit
177,XAUUSD,Sell,T60,60,-36.79,-36.79,0.0,4181.04,4186.73,4186.73,2026-06-22T00:15:00+00:00,2026-06-22T00:15:00+00:00,0.0,1.0,human_exited_before_threshold
177,XAUUSD,Sell,T120,120,-36.79,-36.79,0.0,4181.04,4186.73,4186.73,2026-06-22T00:15:00+00:00,2026-06-22T00:15:00+00:00,0.0,1.0,human_exited_before_threshold
177,XAUUSD,Sell,T180,180,-36.79,-36.79,0.0,4181.04,4186.73,4186.73,2026-06-22T00:15:00+00:00,2026-06-22T00:15:00+00:00,0.0,1.0,human_exited_before_threshold
177,XAUUSD,Sell,T240,240,-36.79,-36.79,0.0,4181.04,4186.73,4186.73,2026-06-22T00:15:00+00:00,2026-06-22T00:15:00+00:00,0.0,1.0,human_exited_before_threshold
181,XAUUSD,Buy,Control,,-55.35,-55.35,0.0,4196.55,4192.27,4192.27,2026-06-22T00:45:00+00:00,2026-06-22T00:45:00+00:00,0.0,1.0,actual_exit
181,XAUUSD,Buy,T60,60,-55.35,-55.35,0.0,4196.55,4192.27,4192.27,2026-06-22T00:45:00+00:00,2026-06-22T00:45:00+00:00,0.0,1.0,human_exited_before_threshold
181,XAUUSD,Buy,T120,120,-55.35,-55.35,0.0,4196.55,4192.27,4192.27,2026-06-22T00:45:00+00:00,2026-06-22T00:45:00+00:00,0.0,1.0,human_exited_before_threshold
181,XAUUSD,Buy,T180,180,-55.35,-55.35,0.0,4196.55,4192.27,4192.27,2026-06-22T00:45:00+00:00,2026-06-22T00:45:00+00:00,0.0,1.0,human_exited_before_threshold
181,XAUUSD,Buy,T240,240,-55.35,-55.35,0.0,4196.55,4192.27,4192.27,2026-06-22T00:45:00+00:00,2026-06-22T00:45:00+00:00,0.0,1.0,human_exited_before_threshold
182,XAUUSD,Sell,Control,,-80.69,-80.69,0.0,4193.08,4199.32,4199.32,2026-06-22T00:40:00+00:00,2026-06-22T00:45:00+00:00,5.0,1.0,actual_exit
182,XAUUSD,Sell,T60,60,-80.69,-80.69,0.0,4193.08,4199.32,4199.32,2026-06-22T00:40:00+00:00,2026-06-22T00:45:00+00:00,5.0,1.0,human_exited_before_threshold
182,XAUUSD,Sell,T120,120,-80.69,-80.69,0.0,4193.08,4199.32,4199.32,2026-06-22T00:40:00+00:00,2026-06-22T00:45:00+00:00,5.0,1.0,human_exited_before_threshold
182,XAUUSD,Sell,T180,180,-80.69,-80.69,0.0,4193.08,4199.32,4199.32,2026-06-22T00:40:00+00:00,2026-06-22T00:45:00+00:00,5.0,1.0,human_exited_before_threshold
182,XAUUSD,Sell,T240,240,-80.69,-80.69,0.0,4193.08,4199.32,4199.32,2026-06-22T00:40:00+00:00,2026-06-22T00:45:00+00:00,5.0,1.0,human_exited_before_threshold
184,XAUUSD,Sell,Control,,-6.87,-6.87,0.0,4110.32,4110.85,4110.85,2026-06-23T08:00:00+00:00,2026-06-23T08:00:00+00:00,0.0,1.0,actual_exit
184,XAUUSD,Sell,T60,60,-6.87,-6.87,0.0,4110.32,4110.85,4110.85,2026-06-23T08:00:00+00:00,2026-06-23T08:00:00+00:00,0.0,1.0,human_exited_before_threshold
184,XAUUSD,Sell,T120,120,-6.87,-6.87,0.0,4110.32,4110.85,4110.85,2026-06-23T08:00:00+00:00,2026-06-23T08:00:00+00:00,0.0,1.0,human_exited_before_threshold
184,XAUUSD,Sell,T180,180,-6.87,-6.87,0.0,4110.32,4110.85,4110.85,2026-06-23T08:00:00+00:00,2026-06-23T08:00:00+00:00,0.0,1.0,human_exited_before_threshold
184,XAUUSD,Sell,T240,240,-6.87,-6.87,0.0,4110.32,4110.85,4110.85,2026-06-23T08:00:00+00:00,2026-06-23T08:00:00+00:00,0.0,1.0,human_exited_before_threshold
185,XAUUSD,Buy,Control,,-69.24,-69.24,0.0,4128.06,4122.72,4122.72,2026-06-23T06:45:00+00:00,2026-06-23T07:40:00+00:00,55.0,1.0,actual_exit
185,XAUUSD,Buy,T60,60,-69.24,-69.24,0.0,4128.06,4122.72,4122.72,2026-06-23T06:45:00+00:00,2026-06-23T07:40:00+00:00,55.0,1.0,human_exited_before_threshold
185,XAUUSD,Buy,T120,120,-69.24,-69.24,0.0,4128.06,4122.72,4122.72,2026-06-23T06:45:00+00:00,2026-06-23T07:40:00+00:00,55.0,1.0,human_exited_before_threshold
185,XAUUSD,Buy,T180,180,-69.24,-69.24,0.0,4128.06,4122.72,4122.72,2026-06-23T06:45:00+00:00,2026-06-23T07:40:00+00:00,55.0,1.0,human_exited_before_threshold
185,XAUUSD,Buy,T240,240,-69.24,-69.24,0.0,4128.06,4122.72,4122.72,2026-06-23T06:45:00+00:00,2026-06-23T07:40:00+00:00,55.0,1.0,human_exited_before_threshold
187,XAUUSD,Sell,Control,,412.34,412.34,0.0,4096.78,4065.0,4065.0,2026-06-24T01:00:00+00:00,2026-06-24T11:05:00+00:00,605.0,1.0,actual_exit
187,XAUUSD,Sell,T60,60,412.34,-105.35432764071764,-517.6943276407176,4096.78,4065.0,4104.89990234375,2026-06-24T01:00:00+00:00,2026-06-24T11:05:00+00:00,605.0,1.0,forced_exit
187,XAUUSD,Sell,T120,120,412.34,308.54138451856426,-103.79861548143572,4096.78,4065.0,4073.0,2026-06-24T01:00:00+00:00,2026-06-24T11:05:00+00:00,605.0,1.0,forced_exit
187,XAUUSD,Sell,T180,180,412.34,267.02257186246146,-145.3174281375385,4096.78,4065.0,4076.199951171875,2026-06-24T01:00:00+00:00,2026-06-24T11:05:00+00:00,605.0,1.0,forced_exit
187,XAUUSD,Sell,T240,240,412.34,239.7741682256417,-172.5658317743583,4096.78,4065.0,4078.300048828125,2026-06-24T01:00:00+00:00,2026-06-24T11:05:00+00:00,605.0,1.0,forced_exit
188,XAUUSD,Sell,Control,,-124.3,-124.3,0.0,4056.97,4066.55,4066.55,2026-06-24T11:15:00+00:00,2026-06-24T11:35:00+00:00,20.0,1.0,actual_exit
188,XAUUSD,Sell,T60,60,-124.3,-124.3,0.0,4056.97,4066.55,4066.55,2026-06-24T11:15:00+00:00,2026-06-24T11:35:00+00:00,20.0,1.0,human_exited_before_threshold
188,XAUUSD,Sell,T120,120,-124.3,-124.3,0.0,4056.97,4066.55,4066.55,2026-06-24T11:15:00+00:00,2026-06-24T11:35:00+00:00,20.0,1.0,human_exited_before_threshold
188,XAUUSD,Sell,T180,180,-124.3,-124.3,0.0,4056.97,4066.55,4066.55,2026-06-24T11:15:00+00:00,2026-06-24T11:35:00+00:00,20.0,1.0,human_exited_before_threshold
188,XAUUSD,Sell,T240,240,-124.3,-124.3,0.0,4056.97,4066.55,4066.55,2026-06-24T11:15:00+00:00,2026-06-24T11:35:00+00:00,20.0,1.0,human_exited_before_threshold
189,XAUUSD,Sell,Control,,-135.07,-135.07,0.0,4078.02,4088.43,4088.43,2026-06-24T02:35:00+00:00,2026-06-24T03:45:00+00:00,70.0,1.0,actual_exit
189,XAUUSD,Sell,T60,60,-135.07,-12.715523535062854,122.35447646493714,4078.02,4088.43,4079.0,2026-06-24T02:35:00+00:00,2026-06-24T03:45:00+00:00,70.0,1.0,forced_exit
189,XAUUSD,Sell,T120,120,-135.07,-135.07,0.0,4078.02,4088.43,4088.43,2026-06-24T02:35:00+00:00,2026-06-24T03:45:00+00:00,70.0,1.0,human_exited_before_threshold
189,XAUUSD,Sell,T180,180,-135.07,-135.07,0.0,4078.02,4088.43,4088.43,2026-06-24T02:35:00+00:00,2026-06-24T03:45:00+00:00,70.0,1.0,human_exited_before_threshold
189,XAUUSD,Sell,T240,240,-135.07,-135.07,0.0,4078.02,4088.43,4088.43,2026-06-24T02:35:00+00:00,2026-06-24T03:45:00+00:00,70.0,1.0,human_exited_before_threshold
190,XAUUSD,Sell,Control,,80.96,80.96,0.0,4087.24,4081.0,4081.0,2026-06-24T01:00:00+00:00,2026-06-24T02:30:00+00:00,90.0,1.0,actual_exit
190,XAUUSD,Sell,T60,60,80.96,-229.12591245994673,-310.0859124599467,4087.24,4081.0,4104.89990234375,2026-06-24T01:00:00+00:00,2026-06-24T02:30:00+00:00,90.0,1.0,forced_exit
190,XAUUSD,Sell,T120,120,80.96,80.96,0.0,4087.24,4081.0,4081.0,2026-06-24T01:00:00+00:00,2026-06-24T02:30:00+00:00,90.0,1.0,human_exited_before_threshold
190,XAUUSD,Sell,T180,180,80.96,80.96,0.0,4087.24,4081.0,4081.0,2026-06-24T01:00:00+00:00,2026-06-24T02:30:00+00:00,90.0,1.0,human_exited_before_threshold
190,XAUUSD,Sell,T240,240,80.96,80.96,0.0,4087.24,4081.0,4081.0,2026-06-24T01:00:00+00:00,2026-06-24T02:30:00+00:00,90.0,1.0,human_exited_before_threshold
191,XAUUSD,Sell,Control,,301.8,301.8,0.0,4076.26,4053.0,4053.0,2026-06-24T02:40:00+00:00,2026-06-24T12:05:00+00:00,565.0,1.0,actual_exit
191,XAUUSD,Sell,T60,60,301.8,-125.07835457195429,-426.87835457195433,4076.26,4053.0,4085.89990234375,2026-06-24T02:40:00+00:00,2026-06-24T12:05:00+00:00,565.0,1.0,forced_exit
191,XAUUSD,Sell,T120,120,301.8,-58.907426325367425,-360.70742632536746,4076.26,4053.0,4080.800048828125,2026-06-24T02:40:00+00:00,2026-06-24T12:05:00+00:00,565.0,1.0,forced_exit
191,XAUUSD,Sell,T180,180,301.8,-240.558329162855,-542.358329162855,4076.26,4053.0,4094.800048828125,2026-06-24T02:40:00+00:00,2026-06-24T12:05:00+00:00,565.0,1.0,forced_exit
191,XAUUSD,Sell,T240,240,301.8,-426.1023848949309,-727.902384894931,4076.26,4053.0,4109.10009765625,2026-06-24T02:40:00+00:00,2026-06-24T12:05:00+00:00,565.0,1.0,forced_exit
192,XAUUSD,Sell,Control,,-119.76,-119.76,0.0,4040.25,4049.48,4049.48,2026-06-24T12:25:00+00:00,2026-06-24T13:50:00+00:00,85.0,1.0,actual_exit
192,XAUUSD,Sell,T60,60,-119.76,633.8339864910606,753.5939864910606,4040.25,4049.48,3991.39990234375,2026-06-24T12:25:00+00:00,2026-06-24T13:50:00+00:00,85.0,1.0,forced_exit
192,XAUUSD,Sell,T120,120,-119.76,-119.76,0.0,4040.25,4049.48,4049.48,2026-06-24T12:25:00+00:00,2026-06-24T13:50:00+00:00,85.0,1.0,human_exited_before_threshold
192,XAUUSD,Sell,T180,180,-119.76,-119.76,0.0,4040.25,4049.48,4049.48,2026-06-24T12:25:00+00:00,2026-06-24T13:50:00+00:00,85.0,1.0,human_exited_before_threshold
192,XAUUSD,Sell,T240,240,-119.76,-119.76,0.0,4040.25,4049.48,4049.48,2026-06-24T12:25:00+00:00,2026-06-24T13:50:00+00:00,85.0,1.0,human_exited_before_threshold
193,XAUUSD,Buy,Control,,-137.14,-137.14,0.0,4036.65,4026.08,4026.08,2026-06-24T12:25:00+00:00,2026-06-24T12:25:00+00:00,0.0,1.0,actual_exit
193,XAUUSD,Buy,T60,60,-137.14,-137.14,0.0,4036.65,4026.08,4026.08,2026-06-24T12:25:00+00:00,2026-06-24T12:25:00+00:00,0.0,1.0,human_exited_before_threshold
193,XAUUSD,Buy,T120,120,-137.14,-137.14,0.0,4036.65,4026.08,4026.08,2026-06-24T12:25:00+00:00,2026-06-24T12:25:00+00:00,0.0,1.0,human_exited_before_threshold
193,XAUUSD,Buy,T180,180,-137.14,-137.14,0.0,4036.65,4026.08,4026.08,2026-06-24T12:25:00+00:00,2026-06-24T12:25:00+00:00,0.0,1.0,human_exited_before_threshold
193,XAUUSD,Buy,T240,240,-137.14,-137.14,0.0,4036.65,4026.08,4026.08,2026-06-24T12:25:00+00:00,2026-06-24T12:25:00+00:00,0.0,1.0,human_exited_before_threshold
194,XAUUSD,Sell,Control,,-162.45,-162.45,0.0,3986.9,3999.42,3999.42,2026-06-24T13:10:00+00:00,2026-06-24T13:30:00+00:00,20.0,1.0,actual_exit
194,XAUUSD,Sell,T60,60,-162.45,-162.45,0.0,3986.9,3999.42,3999.42,2026-06-24T13:10:00+00:00,2026-06-24T13:30:00+00:00,20.0,1.0,human_exited_before_threshold
194,XAUUSD,Sell,T120,120,-162.45,-162.45,0.0,3986.9,3999.42,3999.42,2026-06-24T13:10:00+00:00,2026-06-24T13:30:00+00:00,20.0,1.0,human_exited_before_threshold
194,XAUUSD,Sell,T180,180,-162.45,-162.45,0.0,3986.9,3999.42,3999.42,2026-06-24T13:10:00+00:00,2026-06-24T13:30:00+00:00,20.0,1.0,human_exited_before_threshold
194,XAUUSD,Sell,T240,240,-162.45,-162.45,0.0,3986.9,3999.42,3999.42,2026-06-24T13:10:00+00:00,2026-06-24T13:30:00+00:00,20.0,1.0,human_exited_before_threshold
195,XAUUSD,Sell,Control,,-79.28,-79.28,0.0,4005.46,4011.57,4011.57,2026-06-24T12:55:00+00:00,2026-06-24T12:55:00+00:00,0.0,1.0,actual_exit
195,XAUUSD,Sell,T60,60,-79.28,-79.28,0.0,4005.46,4011.57,4011.57,2026-06-24T12:55:00+00:00,2026-06-24T12:55:00+00:00,0.0,1.0,human_exited_before_threshold
195,XAUUSD,Sell,T120,120,-79.28,-79.28,0.0,4005.46,4011.57,4011.57,2026-06-24T12:55:00+00:00,2026-06-24T12:55:00+00:00,0.0,1.0,human_exited_before_threshold
195,XAUUSD,Sell,T180,180,-79.28,-79.28,0.0,4005.46,4011.57,4011.57,2026-06-24T12:55:00+00:00,2026-06-24T12:55:00+00:00,0.0,1.0,human_exited_before_threshold
195,XAUUSD,Sell,T240,240,-79.28,-79.28,0.0,4005.46,4011.57,4011.57,2026-06-24T12:55:00+00:00,2026-06-24T12:55:00+00:00,0.0,1.0,human_exited_before_threshold
196,XAUUSD,Sell,Control,,456.2,456.2,0.0,4015.15,3979.99,3979.99,2026-06-24T12:55:00+00:00,2026-06-24T18:00:00+00:00,305.0,1.0,actual_exit
196,XAUUSD,Sell,T60,60,456.2,-515.7538523668529,-971.953852366853,4015.15,3979.99,4054.89990234375,2026-06-24T12:55:00+00:00,2026-06-24T18:00:00+00:00,305.0,1.0,forced_exit
196,XAUUSD,Sell,T120,120,456.2,-127.80346985210235,-584.0034698521024,4015.15,3979.99,4025.0,2026-06-24T12:55:00+00:00,2026-06-24T18:00:00+00:00,305.0,1.0,forced_exit
196,XAUUSD,Sell,T180,180,456.2,-56.4411262798618,-512.6411262798617,4015.15,3979.99,4019.5,2026-06-24T12:55:00+00:00,2026-06-24T18:00:00+00:00,305.0,1.0,forced_exit
196,XAUUSD,Sell,T240,240,456.2,-107.04224827129337,-563.2422482712934,4015.15,3979.99,4023.39990234375,2026-06-24T12:55:00+00:00,2026-06-24T18:00:00+00:00,305.0,1.0,forced_exit
197,XAUUSD,Buy,Control,,-197.97,-197.97,0.0,4012.71,3997.44,3997.44,2026-06-25T00:25:00+00:00,2026-06-25T00:35:00+00:00,10.0,1.0,actual_exit
197,XAUUSD,Buy,T60,60,-197.97,-197.97,0.0,4012.71,3997.44,3997.44,2026-06-25T00:25:00+00:00,2026-06-25T00:35:00+00:00,10.0,1.0,human_exited_before_threshold
197,XAUUSD,Buy,T120,120,-197.97,-197.97,0.0,4012.71,3997.44,3997.44,2026-06-25T00:25:00+00:00,2026-06-25T00:35:00+00:00,10.0,1.0,human_exited_before_threshold
197,XAUUSD,Buy,T180,180,-197.97,-197.97,0.0,4012.71,3997.44,3997.44,2026-06-25T00:25:00+00:00,2026-06-25T00:35:00+00:00,10.0,1.0,human_exited_before_threshold
197,XAUUSD,Buy,T240,240,-197.97,-197.97,0.0,4012.71,3997.44,3997.44,2026-06-25T00:25:00+00:00,2026-06-25T00:35:00+00:00,10.0,1.0,human_exited_before_threshold
199,XAUUSD,Sell,Control,,58.08,58.08,0.0,3985.78,3981.3,3981.3,2026-06-25T02:05:00+00:00,2026-06-25T02:05:00+00:00,0.0,1.0,actual_exit
199,XAUUSD,Sell,T60,60,58.08,58.08,0.0,3985.78,3981.3,3981.3,2026-06-25T02:05:00+00:00,2026-06-25T02:05:00+00:00,0.0,1.0,human_exited_before_threshold
199,XAUUSD,Sell,T120,120,58.08,58.08,0.0,3985.78,3981.3,3981.3,2026-06-25T02:05:00+00:00,2026-06-25T02:05:00+00:00,0.0,1.0,human_exited_before_threshold
199,XAUUSD,Sell,T180,180,58.08,58.08,0.0,3985.78,3981.3,3981.3,2026-06-25T02:05:00+00:00,2026-06-25T02:05:00+00:00,0.0,1.0,human_exited_before_threshold
199,XAUUSD,Sell,T240,240,58.08,58.08,0.0,3985.78,3981.3,3981.3,2026-06-25T02:05:00+00:00,2026-06-25T02:05:00+00:00,0.0,1.0,human_exited_before_threshold
200,XAUUSD,Buy,Control,,-62.88,-62.88,0.0,3993.4,3983.7,3983.7,2026-06-25T01:35:00+00:00,2026-06-25T02:05:00+00:00,30.0,1.0,actual_exit
200,XAUUSD,Buy,T60,60,-62.88,-62.88,0.0,3993.4,3983.7,3983.7,2026-06-25T01:35:00+00:00,2026-06-25T02:05:00+00:00,30.0,1.0,human_exited_before_threshold
200,XAUUSD,Buy,T120,120,-62.88,-62.88,0.0,3993.4,3983.7,3983.7,2026-06-25T01:35:00+00:00,2026-06-25T02:05:00+00:00,30.0,1.0,human_exited_before_threshold
200,XAUUSD,Buy,T180,180,-62.88,-62.88,0.0,3993.4,3983.7,3983.7,2026-06-25T01:35:00+00:00,2026-06-25T02:05:00+00:00,30.0,1.0,human_exited_before_threshold
200,XAUUSD,Buy,T240,240,-62.88,-62.88,0.0,3993.4,3983.7,3983.7,2026-06-25T01:35:00+00:00,2026-06-25T02:05:00+00:00,30.0,1.0,human_exited_before_threshold
201,XAUUSD,Buy,Control,,-45.83,-45.83,0.0,3985.73,3978.66,3978.66,2026-06-25T02:05:00+00:00,2026-06-25T02:10:00+00:00,5.0,1.0,actual_exit
201,XAUUSD,Buy,T60,60,-45.83,-45.83,0.0,3985.73,3978.66,3978.66,2026-06-25T02:05:00+00:00,2026-06-25T02:10:00+00:00,5.0,1.0,human_exited_before_threshold
201,XAUUSD,Buy,T120,120,-45.83,-45.83,0.0,3985.73,3978.66,3978.66,2026-06-25T02:05:00+00:00,2026-06-25T02:10:00+00:00,5.0,1.0,human_exited_before_threshold
201,XAUUSD,Buy,T180,180,-45.83,-45.83,0.0,3985.73,3978.66,3978.66,2026-06-25T02:05:00+00:00,2026-06-25T02:10:00+00:00,5.0,1.0,human_exited_before_threshold
201,XAUUSD,Buy,T240,240,-45.83,-45.83,0.0,3985.73,3978.66,3978.66,2026-06-25T02:05:00+00:00,2026-06-25T02:10:00+00:00,5.0,1.0,human_exited_before_threshold
202,XAUUSD,Buy,Control,,222.35,222.35,0.0,4007.89,4025.04,4025.04,2026-06-25T00:30:00+00:00,2026-06-25T12:30:00+00:00,720.0,1.0,actual_exit
202,XAUUSD,Buy,T60,60,222.35,-116.55674716426522,-338.9067471642652,4007.89,4025.04,3998.89990234375,2026-06-25T00:30:00+00:00,2026-06-25T12:30:00+00:00,720.0,1.0,forced_exit
202,XAUUSD,Buy,T120,120,222.35,-116.55674716426522,-338.9067471642652,4007.89,4025.04,3998.89990234375,2026-06-25T00:30:00+00:00,2026-06-25T12:30:00+00:00,720.0,1.0,forced_exit
202,XAUUSD,Buy,T180,180,222.35,-211.19882134884926,-433.5488213488493,4007.89,4025.04,3991.60009765625,2026-06-25T00:30:00+00:00,2026-06-25T12:30:00+00:00,720.0,1.0,forced_exit
202,XAUUSD,Buy,T240,240,222.35,-15.429000404289448,-237.77900040428943,4007.89,4025.04,4006.699951171875,2026-06-25T00:30:00+00:00,2026-06-25T12:30:00+00:00,720.0,1.0,forced_exit
203,XAUUSD,Sell,Control,,299.35,299.35,0.0,4023.96,4000.83,4000.83,2026-06-26T02:20:00+00:00,2026-06-26T02:50:00+00:00,30.0,1.0,actual_exit
203,XAUUSD,Sell,T60,60,299.35,299.35,0.0,4023.96,4000.83,4000.83,2026-06-26T02:20:00+00:00,2026-06-26T02:50:00+00:00,30.0,1.0,human_exited_before_threshold
203,XAUUSD,Sell,T120,120,299.35,299.35,0.0,4023.96,4000.83,4000.83,2026-06-26T02:20:00+00:00,2026-06-26T02:50:00+00:00,30.0,1.0,human_exited_before_threshold
203,XAUUSD,Sell,T180,180,299.35,299.35,0.0,4023.96,4000.83,4000.83,2026-06-26T02:20:00+00:00,2026-06-26T02:50:00+00:00,30.0,1.0,human_exited_before_threshold
203,XAUUSD,Sell,T240,240,299.35,299.35,0.0,4023.96,4000.83,4000.83,2026-06-26T02:20:00+00:00,2026-06-26T02:50:00+00:00,30.0,1.0,human_exited_before_threshold
204,XAUUSD,Buy,Control,,65.68,65.68,0.0,4009.88,4020.03,4020.03,2026-06-26T02:35:00+00:00,2026-06-26T03:55:00+00:00,80.0,1.0,actual_exit
204,XAUUSD,Buy,T60,60,65.68,20.18932019704345,-45.490679802956556,4009.88,4020.03,4013.0,2026-06-26T02:35:00+00:00,2026-06-26T03:55:00+00:00,80.0,1.0,forced_exit
204,XAUUSD,Buy,T120,120,65.68,65.68,0.0,4009.88,4020.03,4020.03,2026-06-26T02:35:00+00:00,2026-06-26T03:55:00+00:00,80.0,1.0,human_exited_before_threshold
204,XAUUSD,Buy,T180,180,65.68,65.68,0.0,4009.88,4020.03,4020.03,2026-06-26T02:35:00+00:00,2026-06-26T03:55:00+00:00,80.0,1.0,human_exited_before_threshold
204,XAUUSD,Buy,T240,240,65.68,65.68,0.0,4009.88,4020.03,4020.03,2026-06-26T02:35:00+00:00,2026-06-26T03:55:00+00:00,80.0,1.0,human_exited_before_threshold
205,XAUUSD,Buy,Control,,97.65,97.65,0.0,4022.95,4038.04,4038.04,2026-06-26T02:20:00+00:00,2026-06-26T06:20:00+00:00,240.0,1.0,actual_exit
205,XAUUSD,Buy,T60,60,97.65,-91.56678144026262,-189.21678144026262,4022.95,4038.04,4008.800048828125,2026-06-26T02:20:00+00:00,2026-06-26T06:20:00+00:00,240.0,1.0,forced_exit
205,XAUUSD,Buy,T120,120,97.65,0.323558648112506,-97.3264413518875,4022.95,4038.04,4023.0,2026-06-26T02:20:00+00:00,2026-06-26T06:20:00+00:00,240.0,1.0,forced_exit
205,XAUUSD,Buy,T180,180,97.65,35.26726069365144,-62.38273930634857,4022.95,4038.04,4028.39990234375,2026-06-26T02:20:00+00:00,2026-06-26T06:20:00+00:00,240.0,1.0,forced_exit
205,XAUUSD,Buy,T240,240,97.65,97.65,0.0,4022.95,4038.04,4038.04,2026-06-26T02:20:00+00:00,2026-06-26T06:20:00+00:00,240.0,1.0,human_exited_before_threshold
206,XAUUSD,Buy,Control,,-49.18,-49.18,0.0,4038.05,4030.45,4030.45,2026-06-26T00:15:00+00:00,2026-06-26T00:25:00+00:00,10.0,1.0,actual_exit
206,XAUUSD,Buy,T60,60,-49.18,-49.18,0.0,4038.05,4030.45,4030.45,2026-06-26T00:15:00+00:00,2026-06-26T00:25:00+00:00,10.0,1.0,human_exited_before_threshold
206,XAUUSD,Buy,T120,120,-49.18,-49.18,0.0,4038.05,4030.45,4030.45,2026-06-26T00:15:00+00:00,2026-06-26T00:25:00+00:00,10.0,1.0,human_exited_before_threshold
206,XAUUSD,Buy,T180,180,-49.18,-49.18,0.0,4038.05,4030.45,4030.45,2026-06-26T00:15:00+00:00,2026-06-26T00:25:00+00:00,10.0,1.0,human_exited_before_threshold
206,XAUUSD,Buy,T240,240,-49.18,-49.18,0.0,4038.05,4030.45,4030.45,2026-06-26T00:15:00+00:00,2026-06-26T00:25:00+00:00,10.0,1.0,human_exited_before_threshold
207,XAUUSD,Sell,Control,,-43.03,-43.03,0.0,4029.75,4036.4,4036.4,2026-06-26T00:00:00+00:00,2026-06-26T00:15:00+00:00,15.0,1.0,actual_exit
207,XAUUSD,Sell,T60,60,-43.03,-43.03,0.0,4029.75,4036.4,4036.4,2026-06-26T00:00:00+00:00,2026-06-26T00:15:00+00:00,15.0,1.0,human_exited_before_threshold
207,XAUUSD,Sell,T120,120,-43.03,-43.03,0.0,4029.75,4036.4,4036.4,2026-06-26T00:00:00+00:00,2026-06-26T00:15:00+00:00,15.0,1.0,human_exited_before_threshold
207,XAUUSD,Sell,T180,180,-43.03,-43.03,0.0,4029.75,4036.4,4036.4,2026-06-26T00:00:00+00:00,2026-06-26T00:15:00+00:00,15.0,1.0,human_exited_before_threshold
207,XAUUSD,Sell,T240,240,-43.03,-43.03,0.0,4029.75,4036.4,4036.4,2026-06-26T00:00:00+00:00,2026-06-26T00:15:00+00:00,15.0,1.0,human_exited_before_threshold
208,XAUUSD,Sell,Control,,-32.03,-32.03,0.0,4047.54,4052.49,4052.49,2026-06-26T06:55:00+00:00,2026-06-26T07:25:00+00:00,30.0,1.0,actual_exit
208,XAUUSD,Sell,T60,60,-32.03,-32.03,0.0,4047.54,4052.49,4052.49,2026-06-26T06:55:00+00:00,2026-06-26T07:25:00+00:00,30.0,1.0,human_exited_before_threshold
208,XAUUSD,Sell,T120,120,-32.03,-32.03,0.0,4047.54,4052.49,4052.49,2026-06-26T06:55:00+00:00,2026-06-26T07:25:00+00:00,30.0,1.0,human_exited_before_threshold
208,XAUUSD,Sell,T180,180,-32.03,-32.03,0.0,4047.54,4052.49,4052.49,2026-06-26T06:55:00+00:00,2026-06-26T07:25:00+00:00,30.0,1.0,human_exited_before_threshold
208,XAUUSD,Sell,T240,240,-32.03,-32.03,0.0,4047.54,4052.49,4052.49,2026-06-26T06:55:00+00:00,2026-06-26T07:25:00+00:00,30.0,1.0,human_exited_before_threshold
210,XAUUSD,Buy,Control,,258.97,258.97,0.0,4054.03,4074.04,4074.04,2026-06-26T07:25:00+00:00,2026-06-26T12:55:00+00:00,330.0,1.0,actual_exit
210,XAUUSD,Buy,T60,60,258.97,-41.80212168818244,-300.77212168818244,4054.03,4074.04,4050.800048828125,2026-06-26T07:25:00+00:00,2026-06-26T12:55:00+00:00,330.0,1.0,forced_exit
210,XAUUSD,Buy,T120,120,258.97,123.85648126132135,-135.1135187386787,4054.03,4074.04,4063.60009765625,2026-06-26T07:25:00+00:00,2026-06-26T12:55:00+00:00,330.0,1.0,forced_exit
210,XAUUSD,Buy,T180,180,258.97,119.97324063066007,-138.99675936933994,4054.03,4074.04,4063.300048828125,2026-06-26T07:25:00+00:00,2026-06-26T12:55:00+00:00,330.0,1.0,forced_exit
210,XAUUSD,Buy,T240,240,258.97,182.09561169610464,-76.87438830389539,4054.03,4074.04,4068.10009765625,2026-06-26T07:25:00+00:00,2026-06-26T12:55:00+00:00,330.0,1.0,forced_exit
211,XAUUSD,Sell,Control,,11.78,11.78,0.0,4084.34,4083.43,4083.43,2026-06-26T13:50:00+00:00,2026-06-26T13:50:00+00:00,0.0,1.0,actual_exit
211,XAUUSD,Sell,T60,60,11.78,11.78,0.0,4084.34,4083.43,4083.43,2026-06-26T13:50:00+00:00,2026-06-26T13:50:00+00:00,0.0,1.0,human_exited_before_threshold
211,XAUUSD,Sell,T120,120,11.78,11.78,0.0,4084.34,4083.43,4083.43,2026-06-26T13:50:00+00:00,2026-06-26T13:50:00+00:00,0.0,1.0,human_exited_before_threshold
211,XAUUSD,Sell,T180,180,11.78,11.78,0.0,4084.34,4083.43,4083.43,2026-06-26T13:50:00+00:00,2026-06-26T13:50:00+00:00,0.0,1.0,human_exited_before_threshold
211,XAUUSD,Sell,T240,240,11.78,11.78,0.0,4084.34,4083.43,4083.43,2026-06-26T13:50:00+00:00,2026-06-26T13:50:00+00:00,0.0,1.0,human_exited_before_threshold
212,XAUUSD,Sell,Control,,-125.67,-125.67,0.0,4085.6,4095.31,4095.31,2026-06-26T13:55:00+00:00,2026-06-26T14:10:00+00:00,15.0,1.0,actual_exit
212,XAUUSD,Sell,T60,60,-125.67,-125.67,0.0,4085.6,4095.31,4095.31,2026-06-26T13:55:00+00:00,2026-06-26T14:10:00+00:00,15.0,1.0,human_exited_before_threshold
212,XAUUSD,Sell,T120,120,-125.67,-125.67,0.0,4085.6,4095.31,4095.31,2026-06-26T13:55:00+00:00,2026-06-26T14:10:00+00:00,15.0,1.0,human_exited_before_threshold
212,XAUUSD,Sell,T180,180,-125.67,-125.67,0.0,4085.6,4095.31,4095.31,2026-06-26T13:55:00+00:00,2026-06-26T14:10:00+00:00,15.0,1.0,human_exited_before_threshold
212,XAUUSD,Sell,T240,240,-125.67,-125.67,0.0,4085.6,4095.31,4095.31,2026-06-26T13:55:00+00:00,2026-06-26T14:10:00+00:00,15.0,1.0,human_exited_before_threshold
