trade_id,created_at,symbol,side,duration_seconds,baseline_pnl,mfe,mae,close_reason,stop_triggered,synthetic_pnl,pnl_delta,baseline_outcome,synthetic_outcome
136,2026-06-24 01:55:27,XAUUSD,Sell,603.0,24.9,29.17,-0.96,AA day-trader trailing protection exit: protect open profit,0,24.9,0.0,Win,Win
137,2026-06-24 02:10:33,XAUUSD,Sell,906.0,10.2,11.18,-27.4,AA day-trader trailing protection exit: protect open profit,1,-20.0,-30.2,Win,Loss
138,2026-06-24 02:50:46,AUDUSD,Buy,49458.0,-263.57,-23.76,-263.57,paper stop loss hit,1,-20.0,243.57,Loss,Loss
139,2026-06-24 03:20:56,XAUUSD,Sell,2112.0,9.19,10.16,-39.06,AA day-trader trailing protection exit: protect open profit,1,-20.0,-29.19,Win,Loss
140,2026-06-24 05:31:38,XAUUSD,Sell,7842.0,-98.59,-8.85,-98.59,paper stop loss hit,1,-20.0,78.59,Loss,Loss
141,2026-06-24 06:01:48,XAUUSD,Buy,905.0,2.45,3.65,-17.85,AA day-trader trailing protection exit: protect open profit,0,2.45,0.0,Win,Win
142,2026-06-24 06:06:50,XAUUSD,Buy,302.0,13.68,14.67,-1.2,AA day-trader trailing protection exit: protect open profit,0,13.68,0.0,Win,Win
143,2026-06-24 07:57:27,XAUUSD,Sell,1206.0,5.19,6.2,-26.94,AA day-trader trailing protection exit: protect open profit,1,-20.0,-25.19,Win,Loss
144,2026-06-24 10:38:19,XAUUSD,Buy,7539.0,-123.06,-20.17,-123.06,paper stop loss hit,1,-20.0,103.06,Loss,Loss
145,2026-06-24 10:43:21,GBPJPY,Sell,62715.0,53.97,75.32,-88.7,AA day-trader trailing protection exit: protect open profit,1,-20.0,-73.97,Win,Loss
146,2026-06-24 10:58:26,GBPJPY,Sell,603.0,0.24,8.46,-8.23,AA day-trader trailing protection exit: protect open profit,0,0.24,0.0,Win,Win
147,2026-06-24 11:08:30,XAUUSD,Sell,301.0,11.35,12.39,-0.99,AA day-trader trailing protection exit: protect open profit,0,11.35,0.0,Win,Win
148,2026-06-24 11:13:31,XAUUSD,Sell,301.0,5.49,6.46,5.49,AA day-trader trailing protection exit: protect open profit,0,5.49,0.0,Win,Win
149,2026-06-24 11:58:48,EURJPY,Sell,3923.0,8.18,12.95,-28.5,AA day-trader trailing protection exit: protect open profit,1,-20.0,-28.18,Win,Loss
150,2026-06-24 12:23:57,XAUUSD,Sell,603.0,16.29,17.28,-0.04,AA day-trader trailing protection exit: protect open profit,0,16.29,0.0,Win,Win
151,2026-06-24 12:28:59,XAUUSD,Sell,302.0,65.65,66.65,65.65,AA day-trader quick profit exit: intraday target captured,0,65.65,0.0,Win,Win
152,2026-06-24 13:24:19,XAUUSD,Sell,603.0,10.84,12.07,-8.02,AA day-trader trailing protection exit: protect open profit,0,10.84,0.0,Win,Win
153,2026-06-24 13:34:23,XAUUSD,Sell,603.0,-99.52,-1.23,-99.52,paper stop loss hit,1,-20.0,79.52,Loss,Loss
154,2026-06-24 13:54:31,EURJPY,Buy,1207.0,6.27,11.04,-16.49,AA day-trader trailing protection exit: protect open profit,0,6.27,0.0,Win,Win
155,2026-06-24 14:04:34,USDCHF,Sell,1509.0,6.77,16.0,-15.38,AA day-trader trailing protection exit: protect open profit,0,6.77,0.0,Win,Win
156,2026-06-24 14:44:49,XAUUSD,Sell,1508.0,12.11,13.11,-65.99,AA day-trader trailing protection exit: protect open profit,1,-20.0,-32.11,Win,Loss
157,2026-06-24 14:49:51,XAUUSD,Sell,301.0,11.42,12.6,11.42,AA day-trader trailing protection exit: protect open profit,0,11.42,0.0,Win,Win
158,2026-06-24 15:15:00,EURJPY,Buy,3924.0,13.62,18.38,-55.97,AA day-trader trailing protection exit: protect open profit,1,-20.0,-33.62,Win,Loss
159,2026-06-24 15:25:03,EURJPY,Buy,603.0,8.44,13.2,-1.5,AA day-trader trailing protection exit: protect open profit,0,8.44,0.0,Win,Win
160,2026-06-24 15:25:03,GBPUSD,Buy,6942.0,3.8,9.49,-93.42,AA day-trader trailing protection exit: protect open profit,1,-20.0,-23.8,Win,Loss
161,2026-06-24 16:30:26,XAUUSD,Buy,3621.0,2.22,3.34,-61.34,AA day-trader trailing protection exit: protect open profit,1,-20.0,-22.22,Win,Loss
162,2026-06-24 16:35:28,XAUUSD,Buy,301.0,7.19,8.46,7.19,AA day-trader trailing protection exit: protect open profit,0,7.19,0.0,Win,Win
163,2026-06-24 16:40:30,XAUUSD,Buy,302.0,1.96,3.33,-1.26,AA day-trader trailing protection exit: protect open profit,0,1.96,0.0,Win,Win
164,2026-06-24 17:35:49,XAUUSD,Sell,302.0,12.06,13.45,-1.18,AA day-trader trailing protection exit: protect open profit,0,12.06,0.0,Win,Win
165,2026-06-24 17:40:50,XAUUSD,Sell,301.0,6.41,7.55,6.41,AA day-trader trailing protection exit: protect open profit,0,6.41,0.0,Win,Win
166,2026-06-24 18:51:15,XAUUSD,Sell,301.0,12.44,13.43,12.44,AA day-trader trailing protection exit: protect open profit,0,12.44,0.0,Win,Win
167,2026-06-24 19:11:23,XAUUSD,Sell,1208.0,14.78,15.88,-18.87,AA day-trader trailing protection exit: protect open profit,0,14.78,0.0,Win,Win
168,2026-06-24 20:16:47,XAUUSD,Buy,907.0,14.08,42.26,-1.18,AA day-trader trailing protection exit: protect open profit,0,14.08,0.0,Win,Win
169,2026-06-24 22:07:26,XAUUSD,Buy,5432.0,3.98,28.26,-9.78,AA day-trader trailing protection exit: protect open profit,0,3.98,0.0,Win,Win
170,2026-06-24 23:42:57,XAUUSD,Buy,3920.0,21.97,33.51,-59.41,AA day-trader trailing protection exit: protect open profit,1,-20.0,-41.97,Win,Loss
171,2026-06-25 00:13:06,XAUUSD,Buy,1809.0,0.74,1.72,-2.12,AA day-trader trailing protection exit: protect open profit,0,0.74,0.0,Win,Win
172,2026-06-25 00:38:15,XAUUSD,Sell,301.0,23.64,25.22,23.64,AA day-trader trailing protection exit: protect open profit,0,23.64,0.0,Win,Win
173,2026-06-25 01:43:38,XAUUSD,Sell,3620.0,15.37,26.47,-64.43,AA day-trader trailing protection exit: protect open profit,1,-20.0,-35.37,Win,Loss
174,2026-06-25 02:03:45,XAUUSD,Sell,1207.0,7.51,34.5,-9.4,AA day-trader trailing protection exit: protect open profit,0,7.51,0.0,Win,Win
175,2026-06-25 02:23:52,XAUUSD,Sell,905.0,-109.67,-1.15,-109.67,paper stop loss hit,1,-20.0,89.67,Loss,Loss
176,2026-06-25 03:09:08,XAUUSD,Sell,1508.0,2.29,3.89,-24.62,AA day-trader trailing protection exit: protect open profit,1,-20.0,-22.29,Win,Loss
177,2026-06-25 03:54:24,XAUUSD,Sell,905.0,-112.19,-6.17,-112.19,paper stop loss hit,1,-20.0,92.19,Loss,Loss
178,2026-06-25 05:04:49,XAUUSD,Buy,3319.0,0.44,1.99,-36.78,AA day-trader trailing protection exit: protect open profit,1,-20.0,-20.44,Win,Loss
179,2026-06-25 06:15:15,XAUUSD,Sell,1810.0,4.35,6.4,-38.69,AA day-trader trailing protection exit: protect open profit,1,-20.0,-24.35,Win,Loss
180,2026-06-25 06:20:17,XAUUSD,Sell,302.0,14.6,15.97,-2.05,AA day-trader trailing protection exit: protect open profit,0,14.6,0.0,Win,Win
181,2026-06-25 08:00:52,XAUUSD,Buy,2414.0,12.42,13.41,-56.82,AA day-trader trailing protection exit: protect open profit,1,-20.0,-32.42,Win,Loss
182,2026-06-25 08:00:52,GBPUSD,Buy,23841.0,5.31,11.0,-58.78,AA day-trader trailing protection exit: protect open profit,1,-20.0,-25.31,Win,Loss
183,2026-06-25 08:05:54,XAUUSD,Buy,302.0,5.22,6.29,5.22,AA day-trader trailing protection exit: protect open profit,0,5.22,0.0,Win,Win
184,2026-06-25 08:31:02,USDCHF,Sell,1508.0,3.7,12.95,-16.65,AA day-trader trailing protection exit: protect open profit,0,3.7,0.0,Win,Win
185,2026-06-25 08:41:06,XAUUSD,Buy,302.0,8.19,9.19,-0.99,AA day-trader trailing protection exit: protect open profit,0,8.19,0.0,Win,Win
186,2026-06-25 09:16:18,XAUUSD,Sell,905.0,0.83,2.06,-14.29,AA day-trader trailing protection exit: protect open profit,0,0.83,0.0,Win,Win
